131579440,12.51,-12.63,14.12
131583296,12.55,-12.24,14.12
131587156,12.63,-11.96,14.44
131591004,12.67,-11.53,14.79
131594868,12.87,-11.18,14.63
131598720,12.67,-11.14,14.71
131602580,12.63,-11.06,14.59
131606448,12.47,-11.18,14.47
131610304,12.43,-11.45,14.55
131614156,12.36,-11.26,14.36
131618012,12.4,-11.34,14.36
131621864,12.36,-11.49,14.4
131625716,12.36,-11.49,13.85
131629572,12.24,-11.61,14.28
131633432,12.32,-11.85,14.32
131637296,12.36,-11.69,13.65
131641152,12.2,-11.61,13.3
131645000,12.28,-11.38,13.02
131648844,12.2,-11.26,12.79
131652692,12.28,-11.57,12.79
131656552,12.32,-11.3,12.75
131660412,12.67,-11.81,13.14
131664264,12.28,-12.16,13.14
131668132,12.47,-13.06,13.69
131671988,12.47,-13.22,13.49
131675840,12.47,-13.81,13.81
131679692,12.55,-13.77,14.28
131683556,12.59,-13.34,14.51
131687416,12.94,-13.22,14.44
131691272,12.55,-12.87,13.93
131695136,12.63,-12.63,13.73
131698988,12.75,-12.24,14.2
131702840,12.87,-11.85,14.12
131706692,12.87,-11.41,14.16
131710556,12.47,-11.45,14.44
131714424,12.87,-11.3,14
131718260,12.79,-11.53,14.04
131722100,12.83,-12,14.04
131725944,12.71,-12.24,14.12
131729804,12.63,-12.12,14.4
131733668,12.75,-12.28,14.04
131737520,12.79,-12.28,13.53
131741388,12.36,-12.51,13.69
131745248,12.51,-12.71,13.93
131749104,12.43,-13.1,13.42
131752952,12.4,-13.3,13.49
131756804,12.32,-13.38,13.26
131760668,12.47,-13.57,13.22
131764520,12.32,-13.53,12.91
131768380,12.24,-13.49,12.87
131772232,12.04,-13.22,12.67
131776084,12.12,-13.73,13.06
131779940,12.08,-13.26,12.91
131783792,12.04,-13.06,13.69
131787636,12.08,-12.71,14.08
131791480,12,-12.67,13.96
131795320,12.47,-12.59,13.02
131799164,12.04,-12.32,13.02
131803004,11.96,-12.32,13.34
131806856,12.04,-11.85,13.3
131810700,12.2,-11.22,13.45
131814560,12,-11.3,13.42
131818416,12.36,-10.67,13.53
131822272,12.36,-10.67,13.49
131826136,12.32,-10.55,13.65
131829988,12.32,-10.71,13.42
131833844,12.43,-11.14,13.93
131837704,12.4,-11.34,14.2
131841560,12.67,-11.3,13.89
131845412,12.87,-11.53,14.51
131849272,12.87,-11.45,13.89
131853132,12.75,-11.53,14.08
131856980,12.79,-11.34,14
131860832,12.79,-11.38,13.96
131864680,12.67,-11.45,13.69
131868528,12.91,-11.65,13.57
131872388,12.83,-12.08,13.57
131876232,12.55,-12.32,13.57
131880088,12.67,-12.59,13.61
131883956,12.43,-12.87,13.73
131887812,12.47,-12.36,14.04
131891660,12.55,-12.16,14.12
131895512,12.59,-11.77,14.08
131899364,12.87,-11.49,13.42
131903228,12.94,-11.38,14.28
131907080,12.55,-11.57,13.89
131910924,12.28,-11.69,13.93
131914788,12.63,-11.73,13.89
131918648,12.47,-12,14
131922476,12.47,-12.08,13.93
131926320,12.4,-12.08,14.12
131930168,12.55,-12.16,14.44
131934020,12.71,-11.81,14.28
131937880,12.55,-12,14.44
131941720,12.43,-12.16,14.04
131945568,12.51,-12.12,14.55
131949432,12.51,-12.08,13.96
131953280,12.43,-12.2,14
131957124,12.59,-12.32,14
131960976,12.4,-12.55,13.96
131964828,12.28,-13.1,13.61
131968676,12.16,-13.77,13.61
131972536,11.96,-14.08,13.49
131976388,12.04,-14.47,13.81
131980240,12.04,-14.71,13.89
131984096,12.08,-13.96,14
131987928,12,-13.73,14.28
131991772,12.24,-12.67,13.42
131995632,12.28,-12.24,14.47
131999488,12.43,-11.81,13.49
132003344,12.75,-11.41,14.12
132007200,12.55,-11.34,13.3
132011052,12.43,-11.38,13.65
132014908,12.75,-11.45,13.53
132018772,12.43,-11.77,13.18
132022640,12.47,-12,13.45
132026480,12.67,-12.16,13.38
132030336,12.51,-12.51,13.3
132034188,12.4,-12.67,13.26
132038036,12.43,-11.57,13.38
132041892,12.75,-11.06,13.65
132045756,12.36,-11.26,13.1
132049620,11.92,-11.73,13.06
132053464,12,-11.77,12.4
132057300,12.43,-12.4,12.63
132061148,12.63,-13.02,13.26
132065000,12.55,-13.22,13.57
132068860,12.24,-13.02,13.42
132072708,11.96,-12.87,13.22
132076564,12.08,-12.47,13.18
132080416,12.12,-12.51,13.18
132084268,12.36,-11.81,13.06
132088124,12.28,-12.51,13.02
132091972,12.16,-12.71,14.12
132095828,12.28,-12.59,13.93
132099684,12.4,-11.65,14.95
132103544,12.55,-11.49,14.91
132107404,12.67,-10.43,14.47
132111252,12.75,-10.63,14.95
132115112,12.75,-11.02,14.79
132118968,12.51,-11.38,14.91
132122820,13.06,-11.3,15.06
132126656,13.02,-11.69,14.98
132130504,13.1,-11.69,15.06
132134352,12.91,-11.38,14.79
132138208,12.91,-11.61,15.02
132142056,13.14,-11.89,14.63
132145912,12.75,-11.85,14.47
132149768,12.63,-11.96,13.96
132153624,12.43,-12.28,13.26
132157480,12.47,-12.75,13.02
132161328,12.2,-12.98,12.75
132165184,12.28,-13.14,12.63
132169036,12.16,-12.98,12.32
132172888,12.04,-13.3,12.47
132176724,12.04,-12.79,12.59
132180572,12.12,-12.94,12.79
132184440,12.16,-12.47,13.06
132188284,12.2,-12.59,13.22
132192132,12.28,-12.43,13.3
132195980,12.36,-12.32,13.22
132199840,12.32,-12.36,13.65
132203696,12.36,-12.32,14.16
132207552,12.55,-12.28,14.08
132211408,12.47,-11.96,14.12
132215264,12.59,-11.41,14.24
132219128,12.71,-11.92,14.75
132222988,12.63,-11.1,14.67
132226836,12.91,-11.34,14.4
132230688,12.83,-11.3,14.67
132234544,12.91,-11.06,14.59
132238396,12.94,-11.34,14.71
132242248,12.83,-10.9,14.59
132246100,12.91,-10.87,14.47
132249964,12.83,-10.71,14.24
132253820,12.83,-10.98,14
132257656,12.94,-11.06,14.12
132261504,12.94,-11.45,14.08
132265356,12.91,-12.04,14
132269200,12.79,-12.32,14
132273040,12.51,-12.16,14.04
132276888,12.63,-12.71,14.12
132280744,12.36,-12.83,13.77
132284612,12.36,-12.67,14.44
132288464,12.24,-12.4,13.65
132292324,12.28,-12.32,13.69
132296192,12.59,-12.67,13.53
132300044,12.47,-12.12,13.49
132303908,12.43,-12.08,13.38
132307756,12.32,-12.32,13.1
132311620,12.36,-12.12,13.06
132315472,12.32,-12.79,13.34
132319332,12.36,-12.63,12.98
132323192,12.16,-12.59,13.1
132327040,12.32,-12.59,13.38
132330888,12.36,-12.12,13.3
132334748,12.4,-11.96,13.26
132338612,12.32,-11.69,13.26
132342464,12.51,-11.61,13.34
132346328,12.59,-11.89,13.42
132350184,12.79,-12.2,13.18
132354032,12.51,-12.24,13.34
132357888,12.59,-12.47,13.42
132361744,12.71,-12.43,13.38
132365604,12.75,-12.16,13.77
132369460,12.87,-11.57,13.53
132373316,12.91,-11.34,13.81
132377188,13.06,-11.06,13.77
132381040,12.59,-10.94,13.89
132384892,12.75,-10.83,13.85
132388748,12.63,-10.98,13.81
132392600,12.59,-11.49,13.61
132396452,12.51,-11.73,13.53
132400316,12.4,-12,13.69
132404160,12.51,-12,13.81
132408004,12.51,-12.36,13.73
132411852,12.47,-12.12,13.96
132415704,12.16,-11.61,13.65
132419556,12.28,-11.92,13.65
132423420,12.4,-12.2,14.08
132427264,12.32,-12.63,13.57
132431116,12.32,-12.08,13.69
132434972,12.32,-12.63,13.81
132438828,12.32,-12.59,13.93
132442684,12.28,-13.02,14.28
132446536,12,-12.75,13.77
132450380,12.4,-12.71,13.69
132454228,12.36,-12.47,13.53
132458088,12.36,-12.2,13.73
132461952,12.51,-12.04,13.3
132465804,12.2,-11.81,13.22
132469648,12.32,-11.45,13.1
132473504,12.28,-11.34,13.02
132477360,12.32,-11.57,12.98
132481216,12.32,-11.26,13.02
132485064,12.4,-11.45,13.14
132488920,12.67,-11.49,13.18
132492776,12.28,-11.53,13.26
132496636,12.43,-11.69,13.38
132500492,12.59,-11.57,13.49
132504348,12.51,-12.2,13.26
132508200,12.55,-12.28,14.4
132512048,12.43,-12.12,13.85
132515900,12.47,-12.04,13.93
132519752,12.55,-11.77,14.4
132523612,12.59,-12.24,14.12
132527468,12.75,-12.67,13.85
132531332,12.36,-12.71,13.57
132535188,12.47,-12.67,13.73
132539048,12.47,-12.98,13.89
132542892,12.75,-12.75,13.65
132546756,12.4,-12.59,13.89
132550608,12.32,-12.59,14.16
132554468,12.36,-12.12,14.12
132558336,12.28,-11.69,13.89
132562188,12.32,-11.57,14
132566036,12.32,-11.89,14.12
132569892,12.36,-11.61,14
132573736,12.4,-11.89,13.89
132577592,12.43,-11.81,13.81
132581448,12.28,-11.49,13.42
132585308,12.32,-11.81,13.49
132589176,12.36,-11.92,13.61
132593028,12.32,-11.96,13.45
132596884,12.32,-12.08,13.38
132600744,12.28,-12.16,13.53
132604604,12.16,-12.36,13.53
132608460,12.36,-12.36,13.45
132612320,12.28,-12.43,13.57
132616176,12.32,-12.36,13.69
132620032,12.36,-12.75,13.89
132623888,12.36,-12.67,13.85
132627744,12.4,-12.71,13.77
132631608,12.4,-12.08,14.24
132635452,12.47,-12.32,13.69
132639316,12.2,-12.04,13.69
132643172,12.43,-12,13.69
132647008,12.51,-12.04,14.16
132650856,12.47,-12.04,13.61
132654708,12.75,-12.43,14.04
132658556,12.28,-12.4,14
132662404,12.43,-12.32,14.16
132666256,12.4,-12.32,14.12
132670108,12.43,-11.85,14.16
132673960,12.43,-11.65,14.16
132677816,12.63,-12.12,13.93
132681676,12.51,-11.61,14.28
132685536,12.63,-11.85,13.77
132689400,12.59,-11.77,13.61
132693252,12.43,-11.96,13.57
132697112,12.43,-11.89,13.34
132700960,12.55,-11.81,13.42
132704816,12.47,-12.2,13.22
132708664,12.28,-12.28,13.49
132712524,12.2,-12.32,13.45
132716380,12.28,-12.43,13.93
132720236,12.55,-12.36,13.96
132724100,12.43,-12.28,14
132727944,12.36,-12.2,13.96
132731792,12.32,-12.51,14.12
132735648,12.4,-12.28,13.96
132739504,12.4,-12.4,13.93
132743364,12.36,-12.24,13.73
132747216,12.43,-11.89,13.85
132751080,12.83,-11.65,13.61
132754944,12.55,-11.65,13.69
132758788,12.43,-11.92,13.77
132762648,12.43,-12.08,13.53
132766504,12.32,-11.96,13.22
132770368,12.63,-11.69,13.38
132774220,12.51,-11.69,13.45
132778084,12.51,-11.81,13.57
132781940,13.14,-11.81,13.57
132785792,12.47,-12.32,13.57
132789644,12.55,-12.59,13.89
132793504,12.63,-12.36,13.93
132797372,12.59,-12.24,13.93
132801228,12.59,-12.24,13.73
132805088,12.55,-12.04,13.89
132808940,12.47,-12.04,13.38
132812784,12.63,-12.16,13.34
132816648,12.32,-12.32,13.18
132820508,12.32,-12.16,13.22
132824372,12.32,-12,13.3
132828212,12.24,-12.24,13.14
132832068,12.28,-12.2,12.94
132835924,12.24,-12.36,13.02
132839788,12.2,-12.43,13.1
132843628,12.28,-12.28,13.26
132847488,12.55,-12.24,13.81
132851344,12.71,-12.12,13.85
132855200,12.63,-11.96,13.81
132859056,12.55,-11.89,14.24
132862920,12.83,-12.08,14.55
132866776,12.59,-12.12,14.63
132870636,12.59,-12.16,14.59
132874496,12.63,-12.36,14.98
132878356,12.83,-12.43,14.44
132882208,12.43,-12.83,14.47
132886072,12.75,-12.55,14.4
132889928,12.63,-12.71,13.81
132893780,12.4,-12.75,13.85
132897624,12.63,-12.67,13.89
132901476,12.4,-12.4,13.93
132905336,12.51,-12.67,13.81
132909196,12.79,-12.63,13.81
132913052,12.36,-12.43,13.65
132916916,12.32,-12.55,13.57
132920772,12.32,-11.89,13.53
132924624,12.2,-12.04,13.38
132928464,12.43,-11.96,13.45
132932328,12.36,-11.85,13.34
132936192,12.32,-11.65,13.18
132940044,12.2,-11.49,13.42
132943896,12.2,-11.41,13.34
132947752,12.28,-10.87,13.38
132951616,12.32,-10.94,13.42
132955472,12.43,-10.87,13.22
132959332,12.4,-11.18,13.57
132963184,12.36,-11.22,13.22
132967044,12.28,-11.26,13.26
132970900,12.36,-11.41,13.49
132974768,12.55,-11.73,13.3
132978620,12.63,-12.08,13.3
132982464,12.47,-12.32,13.3
132986320,12.63,-12.55,13.26
132990176,12.55,-12.79,13.65
132994028,12.55,-12.79,13.61
132997884,12.63,-13.02,13.85
133001736,12.55,-12.79,14
133005584,12.55,-12.91,14.28
133009448,12.55,-12.71,14.12
133013308,12.55,-12.28,14.51
133017176,12.59,-12.55,15.22
133021036,12.36,-12.2,14.2
133024880,12.59,-12.24,13.93
133028736,12.43,-12.16,13.85
133032596,12.43,-12.16,13.77
133036448,12.71,-11.73,13.61
133040316,12.4,-11.45,13.61
133044168,12.32,-10.87,13.69
133048032,12.51,-11.57,13.77
133051896,12.71,-11.61,13.18
133055760,12.51,-11.77,13.3
133059616,12.43,-12.2,13.45
133063464,12.4,-11.69,13.53
133067320,12.71,-11.92,13.3
133071172,12.28,-12.43,13.38
133075024,12.43,-12.16,13.45
133078876,12.51,-12.12,13.85
133082740,12.91,-11.81,13.69
133086600,12.47,-11.53,13.81
133090460,12.47,-11.73,13.93
133094332,12.55,-11.41,13.81
133098192,12.51,-11.38,13.69
133102056,12.55,-11.49,13.96
133105912,12.51,-11.85,13.96
133109776,12.59,-11.85,13.69
133113628,12.51,-12.28,14.28
133117496,12.67,-12.36,13.73
133121356,12.75,-12.43,13.69
133125204,12.43,-12.51,13.73
133129064,12.55,-12.51,13.69
133132924,12.55,-12.63,13.73
133136772,12.59,-12.51,13.61
133140632,12.4,-12.67,13.45
133144496,12.51,-12.4,13.93
133148352,12.63,-12.12,13.61
133152204,12.67,-12.12,13.57
133156064,12.67,-11.69,13.61
133159920,12.63,-11.73,13.49
133163780,12.43,-11.22,13.57
133167632,12.36,-11.49,13.57
133171492,12.4,-11.65,13.69
133175352,12.43,-11.38,13.3
133179196,12.4,-11.45,13.61
133183048,12.36,-12.04,13.49
133186904,12.36,-12.24,13.53
133190760,12.36,-11.96,13.45
133194612,12.51,-12.12,13.49
133198472,12.28,-12.16,13.61
133202332,12.32,-12.12,13.77
133206192,12.36,-12.36,13.38
133210044,12.36,-12.59,13.65
133213908,12.47,-12.98,13.81
133217764,12.47,-12.63,14.04
133221608,12.51,-12.75,14.47
133225456,12.43,-12.32,14.12
133229324,12.59,-12.43,14.36
133233184,12.67,-12.28,14.36
133237036,12.71,-11.92,14.71
133240896,12.71,-11.49,14.51
133244752,12.94,-11.61,14.47
133248612,12.79,-11.41,14.51
133252472,12.79,-11.38,14.12
133256336,12.71,-11.26,14.16
133260200,12.63,-11.65,13.96
133264048,12.59,-11.65,13.73
133267904,12.47,-11.81,13.34
133271764,12.36,-12.16,13.26
133275620,12.55,-12.2,13.3
133279468,12.32,-12.2,13.34
133283328,12.4,-12.24,13.26
133287180,12.32,-12.4,13.26
133291040,12.2,-12.43,13.38
133294896,12.43,-12.51,13.06
133298752,12.63,-12.79,13.14
133302604,12.04,-11.81,12.51
133306452,12.04,-12.63,13.3
133310300,12.91,-11.14,13.89
133314164,15.57,-11.96,10.59
133318016,14.36,-12.91,13.49
133321876,11.49,-12.28,12.91
133325740,12.43,-12.4,13.45
133329600,12.87,-12.16,14.08
133333444,12.75,-11.45,14.55
133337304,12.94,-11.06,13.81
133341156,12.71,-11.02,14.12
133345012,12.79,-10.94,14.04
133348864,12.51,-11.77,14.16
133352720,12.79,-11.65,13.96
133356584,12.59,-11.38,13.73
133360436,12.63,-12.16,13.85
133364304,12.51,-12.43,14
133368160,12.32,-12.67,13.61
133372012,12.47,-12.59,13.53
133375860,12.59,-12.59,13.69
133379712,12.51,-12.55,13.89
133383572,12.75,-11.96,13.85
133387424,12.51,-12.08,14
133391276,12.51,-12.08,14.08
133395124,12.51,-11.92,14.47
133398976,12.4,-11.49,13.96
133402820,12.63,-11.49,13.65
133406672,12.55,-11.45,13.45
133410528,12.4,-11.53,13.53
133414396,12.67,-11.34,13.38
133418248,12.59,-11.61,13.42
133422108,12.4,-11.69,13.42
133425960,12.47,-11.57,13.53
133429816,12.36,-11.22,13.26
133433668,12.43,-11.3,13.65
133437512,12.55,-11.73,13.61
133441376,12.47,-12.04,13.38
133445220,12.43,-11.96,13.81
133449080,12.79,-12.47,13.73
133452936,12.51,-12.4,13.65
133456784,12.67,-12.94,13.85
133460632,12.55,-12.75,14.08
133464488,12.75,-13.22,14.04
133468344,12.51,-12.59,14.16
133472196,12.71,-12.63,14.24
133476064,12.75,-12.51,14.04
133479920,12.51,-11.96,13.96
133483772,12.83,-12,13.93
133487612,12.51,-11.49,13.77
133491480,12.51,-11.22,13.89
133495340,12.51,-11.3,13.69
133499188,12.32,-10.98,13.65
133503048,12.4,-11.14,13.45
133506908,12.36,-11.26,13.61
133510764,12.59,-11.3,13.61
133514612,12.28,-11.34,13.14
133518480,12.28,-11.65,13.1
133522348,12.28,-11.85,13.26
133526200,12.24,-12.08,13.26
133530056,12.24,-11.92,13.34
133533908,12.28,-11.89,13.38
133537760,12.28,-12.28,13.53
133541616,12.28,-11.69,13.89
133545484,12.4,-11.85,13.1
133549336,12.16,-11.81,13.14
133553192,12.51,-12.55,13.45
133557052,12.43,-12.63,13.18
133560912,12.12,-12.55,13.26
133564780,12.43,-12.83,13.38
133568636,12.43,-12.75,13.42
133572488,12.47,-12.4,13.69
133576340,12.24,-12.63,13.89
133580192,12.36,-12.47,14.08
133584052,12.4,-12.28,14.28
133587904,12.47,-12.24,14.63
133591760,12.4,-12.08,14.32
133595608,12.59,-11.69,14.4
133599464,12.51,-11.61,14.71
133603324,12.59,-11.45,14.2
133607176,12.91,-11.57,14.2
133611024,12.47,-11.38,14.28
133614884,12.59,-11.57,14.12
133618744,12.63,-11.41,14.04
133622592,12.63,-11.61,14
133626440,12.47,-11.61,13.85
133630304,12.51,-11.3,13.96
133634164,12.71,-11.1,13.93
133638012,12.55,-11.38,13.65
133641872,12.83,-11.81,13.38
133645728,12.59,-11.92,13.34
133649584,12.59,-12.28,13.53
133653436,12.67,-12.51,13.3
133657300,12.51,-12.67,13.45
133661156,12.51,-12.63,13.61
133665012,12.51,-12.59,14
133668852,12.43,-12.59,14.67
133672712,12.36,-12.36,14.16
133676584,12.36,-12,14.24
133680424,12.43,-12.2,14.08
133684280,12.36,-12.08,14.47
133688132,12.75,-12.12,14
133691976,12.28,-11.89,13.73
133695832,12.32,-12.28,14
133699680,12.32,-12.16,13.57
133703536,12.51,-12.98,13.49
133707388,12.32,-12.75,13.61
133711240,12.32,-12.75,13.53
133715104,12.32,-12.28,13.89
133718964,12.36,-12.63,13.65
133722820,12.36,-12,13.77
133726676,12.4,-12.2,13.89
133730520,12.36,-12.24,13.89
133734380,12.43,-11.89,13.93
133738240,12.67,-11.57,14.28
133742088,12.67,-11.22,14.4
133745936,12.51,-11.22,14.59
133749792,12.71,-10.98,14.08
133753640,12.87,-11.3,14.12
133757488,12.94,-11.49,14.12
133761344,12.63,-11.45,13.85
133765188,13.02,-11.65,13.69
133769040,12.59,-11.65,13.65
133772896,12.55,-11.81,13.49
133776752,12.55,-12.12,13.45
133780604,12.43,-11.77,13.1
133784460,12.47,-11.45,13.45
133788316,12.43,-11.96,13.42
133792168,12.47,-11.73,13.38
133796032,12.4,-12.32,14.2
133799880,12.4,-12.43,13.61
133803744,12.43,-12.2,13.65
133807600,12.32,-12.08,13.65
133811456,12.32,-11.89,14.51
133815328,12,-11.77,13.96
133819172,12.2,-11.69,13.89
133823032,12.4,-11.89,13.89
133826888,12.43,-11.57,14.24
133830740,12.24,-11.57,13.69
133834584,12.47,-11.57,13.69
133838436,12.4,-11.49,13.73
133842296,12.36,-11.73,13.77
133846156,12.4,-12,13.18
133849992,12.36,-11.65,13.26
133853844,12.43,-11.96,13.06
133857692,12.32,-12,13.06
133861540,12.32,-12.2,12.83
133865400,12.67,-12.36,12.91
133869268,12.32,-12.4,13.1
133873120,12.47,-12.28,13.18
133876968,12.67,-12.43,13.49
133880816,12.75,-12.36,13.65
133884676,12.67,-12.4,13.81
133888532,12.67,-12.08,14.55
133892376,12.83,-11.73,14.2
133896228,12.94,-11.41,14.16
133900084,12.71,-11.41,14.12
133903944,12.75,-11.3,13.89
133907792,12.59,-11.26,13.77
133911644,12.55,-11.3,13.77
133915488,12.47,-11.65,13.73
133919352,12.59,-11.57,13.81
133923200,12.43,-11.92,14.24
133927060,12.36,-12.04,13.69
133930908,12.32,-11.96,13.81
133934764,12.36,-12.32,13.73
133938620,12.32,-12.16,13.69
133942472,12.28,-12.04,13.96
133946324,12.36,-11.69,13.96
133950180,12.36,-12.12,14.04
133954040,12.4,-11.96,13.85
133957888,12.36,-12.08,13.96
133961740,12.55,-12,13.45
133965584,12.36,-11.85,13.53
133969436,12.51,-11.96,13.42
133973300,12.32,-12.24,13.26
133977156,12.32,-12.12,13.22
133981016,12.36,-12.24,13.18
133984884,12.36,-12.36,13.53
133988736,12.36,-12.24,13.1
133992596,12.71,-11.89,13.34
133996460,12.43,-12.08,13.22
134000320,12.47,-12.24,13.34
134004172,12.47,-12.12,12.83
134008032,12.71,-11.45,13.45
134011884,12.55,-11.96,13.61
134015744,12.63,-11.49,13.42
134019596,12.75,-11.41,13.53
134023456,12.87,-11.38,13.93
134027320,12.67,-11.38,14
134031164,12.63,-10.51,14.28
134035032,12.79,-10.59,14.24
134038896,12.51,-10.94,13.96
134042748,12.75,-11.34,14.24
134046600,12.59,-11.57,14.12
134050460,12.55,-11.81,14.55
134054316,12.67,-11.81,13.85
134058172,12.4,-11.61,13.89
134062032,12.47,-12.16,13.93
134065892,12.55,-12.16,14
134069744,12.4,-12.4,13.89
134073584,12.4,-12.28,13.89
134077448,12.36,-12.55,13.77
134081308,12.43,-12.16,13.65
134085160,12.47,-12.36,13.57
134089024,12.51,-12.16,13.77
134092880,12.28,-12.16,13.53
134096732,12.32,-12.24,13.57
134100592,12.32,-11.92,13.3
134104448,12.32,-11.73,13.65
134108312,12.51,-11.69,13.42
134112176,12.47,-11.65,13.61
134116040,12.24,-11.45,13.57
134119896,12.36,-11.38,13.57
134123748,12.32,-11.85,13.89
134127596,12.47,-11.92,13.69
134131460,12.47,-12.12,13.96
134135316,12.47,-12.16,13.96
134139172,12.4,-11.96,13.85
134143032,12.55,-11.89,13.45
134146884,12.47,-11.77,13.3
134150736,12.51,-11.92,13.69
134154592,12.63,-12.12,13.81
134158456,12.51,-12.08,13.57
134162308,12.51,-12.16,13.18
134166160,12.43,-11.92,13.49
134170008,12.75,-12.28,13.22
134173876,12.47,-12.24,13.3
134177724,12.36,-12.04,13.34
134181576,12.24,-11.57,13.22
134185436,12.71,-11.85,13.18
134189304,12.36,-11.34,13.34
134193168,12.36,-11.26,13.49
134197028,12.59,-11.3,13.3
134200876,12.32,-11.22,13.3
134204728,12.32,-11.34,13.61
134208588,12.36,-11.73,13.65
134212448,12.43,-12.04,13.57
134216304,12.51,-12.2,13.73
134220152,12.4,-12.55,13.73
134224004,12.47,-12.43,13.85
134227860,12.4,-12.36,14.2
134231708,12.79,-11.96,14.16
134235560,12.63,-11.73,13.93
134239424,12.55,-11.65,14
134243272,12.47,-11.49,13.69
134247128,12.63,-11.57,13.77
134250992,12.51,-12.04,13.81
134254844,12.51,-12,14.12
134258696,12.51,-11.92,14.36
134262556,12.55,-12.28,13.69
134266408,12.47,-12.63,13.65
134270268,12.43,-12.36,13.34
134274128,12.51,-12.12,14.08
134277976,12.59,-12.24,13.49
134281828,12.36,-11.96,13.77
134285688,12.51,-11.85,14
134289540,12.67,-11.65,13.96
134293388,12.55,-11.65,14.2
134297240,12.59,-11.26,14.16
134301096,12.79,-11.77,14.4
134304948,12.67,-11.65,14
134308796,12.83,-11.49,14.04
134312652,12.55,-11.65,14.12
134316512,12.63,-11.49,14.08
134320356,12.51,-11.73,13.93
134324212,12.47,-11.65,13.69
134328072,12.51,-12.12,13.85
134331932,12.36,-12.32,13.77
134335788,12.4,-12.43,14
134339636,12.63,-12.4,13.57
134343484,12.24,-12.12,13.42
134347356,12.28,-12.12,13.3
134351220,12.24,-12.32,13.3
134355072,12.28,-12.08,13.61
134358920,12.12,-12.04,13.1
134362760,12.36,-11.81,13.06
134366608,12.36,-11.53,13.3
134370460,12.63,-11.02,13.22
134374324,12.2,-10.87,13.3
134378168,12.4,-11.3,13.61
134382024,12.4,-11.22,13.57
134385872,12.36,-11.18,13.73
134389728,12.36,-11.49,13.73
134393584,12.4,-11.45,13.85
134397452,12.43,-11.81,13.96
134401308,12.55,-12.24,14.59
134405160,12.75,-12.32,13.81
134409020,12.71,-12.67,14.16
134412876,12.51,-12.43,14.04
134416720,12.51,-13.1,14.16
134420568,12.47,-12.51,14.04
134424408,12.55,-12.2,14.12
134428264,12.59,-12.08,14.28
134432120,12.63,-11.73,14.32
134435980,12.87,-11.57,14.08
134439820,12.63,-11.45,14.08
134443668,12.63,-11.34,14.16
134447528,12.63,-11.26,14.08
134451376,12.55,-11.57,14.16
134455232,12.67,-11.73,14.12
134459096,12.59,-11.77,14.36
134462960,12.63,-11.85,14.47
134466812,12.75,-11.96,14.24
134470672,12.98,-11.49,14.44
134474524,12.59,-11.49,14.83
134478372,12.79,-12.16,14.87
134482228,12.79,-12.28,14.59
134486080,12.51,-12.43,14.75
134489932,12.91,-12.55,14.47
134493788,12.47,-12.59,14.36
134497656,12.36,-12.36,14.55
134501520,12.51,-12.63,14.95
134505384,13.45,-31.5,-3.41
134509180,4.9,-11.73,5.53
134512904,131.02,18.75,-120.7
134516860,106.81,77.32,55.47
134520756,44.44,133.88,-8.79
134524592,-154.63,69.12,99.71
134528508,6.43,-2.55,156.67
134532292,14.91,67.04,142
134536168,14.24,-98.22,80.49
134540020,75.98,-50.01,97.16
134543872,15.77,-21.69,68.73
134547720,85.04,-159.46,68.02
134551624,35.89,-84.26,114.15
134555544,19.69,35.85,63.39
134559376,-93.67,-52.56,35.58
134563240,69.82,18.79,24.63
134567084,-56.53,88.97,-12.04
134570944,48.99,-13.69,61.27
134574792,19.06,1.02,7.73
134578500,7.69,8.08,27.93
134582200,9.89,14.44,24.52
134585988,10.08,16.08,17.26
134589812,11.77,17.22,16.55
134593656,9.53,14.12,14.12
134597436,4.12,9.96,-26.71
134601164,-101.95,-127.45,-34.21
134605172,22.71,-3.41,17.85
134608956,6.28,-4.04,27.22
134612684,7.02,-3.53,2.16
134616352,0.78,-7.85,-5.53
134620028,-9.49,-7.18,-4
134623732,9.85,-10.51,2.63
134627476,-14.04,-32.56,-44.52
134631352,2.35,-9.65,-13.14
134635112,4.28,-20.99,-5.77
134638860,3.18,-20.63,-3.45
134642616,5.81,-19.42,-0.75
134646368,6,-18.95,0.9
134650080,8.2,-18.87,2.98
134653800,9.22,-20.71,7.49
134657536,9.41,-19.65,7.69
134661272,8.59,-19.97,9.85
134665012,9.14,-17.93,11.38
134668808,10.59,-20.32,11.77
134672660,10.16,-20.24,15.61
134676524,12.08,-19.26,16
134680356,11.85,-15.06,17.06
134684192,11.57,-15.49,17.77
134688048,13.06,-16,18.99
134691884,13.81,-15.93,20.08
134695732,13.61,-12.91,20.79
134699588,13.77,-13.14,21.1
134703436,15.93,-21.1,16.16
134707292,14.36,-15.3,21.5
134711132,16.4,-14.24,20.91
134714992,32.91,-6,10.87
134718768,14.08,-6.43,14.91
134722548,11.45,-4.82,21.65
134726340,15.93,-4.08,19.53
134730124,15.3,-3.45,19.89
134733904,16,-4.67,18.2
134737680,15.02,-4.94,16.24
134741468,14.32,-6.86,15.53
134745268,14.24,-7.65,15.22
134749072,13.69,-8.16,14.28
134752864,13.69,-9.14,12.87
134756656,13.06,-9.41,12.91
134760452,12.79,-10.08,12.79
134764308,12.71,-10.4,12.94
134768156,12.28,-11.41,13.1
134772008,12.04,-12.36,13.06
134775856,11.89,-12.28,12.32
134779708,11.69,-13.81,15.49
134783560,12.04,-13.96,20.28
134787416,20.08,-22.91,21.57
134791268,13.3,-10.47,12.4
134795108,-5.92,-29.97,11.49
134798920,11.34,-19.81,18.16
134802772,11.69,-13.53,9.22
134806572,11.06,-16.95,12.67
134810428,11.89,-14.16,12.71
134814292,12.43,-13.73,12.79
134818152,12.16,-12.91,12.08
134822012,12.24,-13.77,11.89
134825864,12.12,-12.32,12.63
134829724,12.36,-11.65,11.89
134833576,12.36,-11.53,12.32
134837436,12.2,-10.4,12.4
134841284,12.4,-9.06,11.96
134845072,12.36,-8.79,12.24
134848872,12.08,-7.41,11.38
134852664,12.04,-7.37,11.14
134856452,12.28,-6.83,11.18
134860252,12.04,-7.34,10.75
134864052,12.12,-7.73,10.12
134867848,12.24,-7.85,10.12
134871656,12.2,-8.87,10.67
134875448,12.55,-10.12,10.47
134879304,12.16,-9.73,8.75
134883048,12.08,-10.98,11.92
134886900,11.85,-10.63,11.77
134890752,12.16,-11.41,11.45
134894608,11.89,-11.89,11.92
134898460,10.75,-12.87,12.4
134902316,11.57,-11.14,12.24
134906168,11.61,-11.1,11.69
134910016,11.73,-11.38,12.47
134913868,11.65,-10.71,11.45
134917724,11.34,-10.36,11.1
134921584,11.22,-10.79,10.9
134925436,11.14,-10.55,11.02
134929288,11.18,-9.92,11.18
134933088,11.34,-9.22,10.87
134936880,10.79,-9.73,10.94
134940676,10.98,-9.61,11.06
134944460,10.9,-9.69,10.71
134948256,10.51,-10.12,10.47
134952112,10.59,-10.55,10.59
134955964,10.75,-10.98,10.63
134959828,10.79,-11.02,10.71
134963692,11.18,-10.55,11.06
134967544,10.83,-10.94,11.34
134971412,11.06,-10.32,11.57
134975268,10.94,-10.28,11.57
134979120,11.02,-10.08,11.38
134982956,10.83,-9.89,11.38
134986748,10.94,-9.65,11.34
134990544,10.9,-9.81,10.75
134994328,11.18,-9.65,11.1
134998112,11.65,-9.57,10.94
135001904,11.18,-10.2,11.38
135005760,11.26,-10.43,11.26
135009620,11.57,-11.02,11.73
135013476,11.77,-11.14,12.16
135017328,11.73,-11.34,12.32
135021184,11.57,-11.45,12.32
135025044,11.81,-12.04,12.98
135028892,11.85,-11.73,13.02
135032748,11.92,-11.61,12.98
135036600,11.69,-11.61,13.34
135040448,11.92,-11.26,13.61
135044308,11.73,-10.75,13.26
135048160,11.65,-10.47,13.22
135052012,11.1,-9.89,12.87
135055796,11.22,-10,12.94
135059656,11.18,-10.08,12.47
135063508,11.02,-10.12,12.51
135067364,10.98,-10.16,12.12
135071236,10.87,-10.2,12.28
135075084,10.83,-9.85,12
135078876,10.9,-10.36,12.2
135082720,10.94,-10.32,12.47
135086584,10.9,-10.04,12.2
135090424,11.02,-10.43,12.28
135094284,11.26,-10.59,12.08
135098128,11.26,-10.83,12.28
135101988,11.69,-11.34,12.63
135105840,11.22,-11.57,12.87
135109692,11.45,-12.12,12.87
135113544,11.65,-11.92,13.22
135117412,11.92,-11.81,13.45
135121272,11.73,-11.26,13.69
135125128,11.85,-11.38,13.81
135129000,12.16,-11.14,13.89
135132852,12,-10.75,14.24
135136696,11.77,-10.43,13.85
135140548,11.89,-10.63,14.16
135144408,12,-10.36,13.96
135148264,11.69,-10.28,13.81
135152128,11.85,-10.98,13.93
135155988,11.65,-10.9,13.26
135159840,11.49,-10.94,13.45
135163692,11.41,-11.02,13.49
135167540,11.34,-10.9,13.3
135171392,11.34,-10.4,13.38
135175252,11.45,-10.32,12.91
135179104,11.14,-10.47,13.26
135182960,11.57,-10.08,12.51
135186816,11.18,-10.24,12.59
135190684,11.1,-10.43,12.47
135194540,11.06,-10.75,13.06
135198384,11.18,-10.79,12.28
135202244,10.94,-11.34,12.47
135206096,11.18,-11.26,12.63
135209948,10.94,-11.69,12.16
135213800,10.75,-11.61,12.4
135217664,10.83,-11.81,12.51
135221516,11.06,-12.36,12.08
135225364,11.14,-12.43,12.55
135229224,11.49,-12.55,12.28
135233076,11.49,-12.04,12.51
135236920,11.34,-11.85,12.51
135240772,11.18,-11.49,12.79
135244624,11.26,-11.1,12.63
135248484,11.61,-11.45,13.14
135252340,11.53,-10.79,12.98
135256204,11.65,-10.79,13.38
135260064,11.73,-10.24,13.42
135263928,11.89,-10.36,13.53
135267776,11.85,-10.2,13.49
135271632,11.81,-10.12,13.57
135275488,12.12,-10.43,13.73
135279348,12,-10.16,13.73
135283200,11.69,-10.51,13.49
135287052,11.92,-10.36,13.3
135290904,11.57,-10.36,13.14
135294756,12.04,-10.4,13.22
135298608,11.61,-10.16,13.06
135302460,11.53,-10.59,12.94
135306312,11.45,-10.75,12.51
135310164,11.26,-11.18,12.55
135314032,11.14,-11.06,12.36
135317880,11.22,-11.14,12.28
135321736,11.41,-10.98,11.89
135325580,11.26,-11.53,12.55
135329432,11.18,-10.71,12.36
135333296,11.1,-11.53,12.83
135337148,11.34,-11.14,12.75
135341000,11.26,-11.45,12.4
135344852,11.3,-11.22,12.43
135348700,11.26,-11.41,12.79
135352552,11.45,-10.98,12.59
135356408,11.61,-11.22,12.47
135360280,11.38,-10.59,12.55
135364132,11.73,-10.71,12.75
135367988,11.73,-10.75,12.87
135371840,11.57,-10.75,12.83
135375692,11.89,-10.67,13.3
135379544,11.81,-10.28,12.98
135383416,11.92,-10.51,13.26
135387280,12.04,-10.59,13.26
135391132,11.61,-10.55,13.02
135394984,11.85,-10.83,13.14
135398840,11.81,-10.59,13.1
135402688,11.57,-10.83,13.06
135406536,11.45,-11.06,12.83
135410400,11.45,-10.98,12.87
135414264,11.38,-10.43,12.91
135418120,11.49,-10.75,12.59
135421984,11.61,-10.9,12.94
135425832,11.53,-11.02,13.14
135429676,11.38,-10.2,13.45
135433524,11.53,-10.98,12.91
135437384,11.65,-10.83,13.06
135441236,11.45,-11.02,13.65
135445092,11.26,-11.22,13.18
135448952,11.38,-10.98,13.3
135452808,11.38,-10.87,13.26
135456668,11.85,-11.69,13.3
135460516,11.41,-11.3,13.18
135464360,11.53,-11.34,13.73
135468228,11.85,-11.53,13.3
135472084,11.57,-11.38,13.3
135475936,11.45,-11.14,13.14
135479808,11.57,-11.38,13.42
135483664,11.57,-11.22,13.45
135487524,11.57,-11.53,13.49
135491388,11.41,-11.34,13.34
135495256,11.57,-11.41,13.53
135499116,11.49,-11.26,12.91
135502984,11.61,-11.61,13.02
135506832,11.61,-11.65,12.55
135510684,11.53,-11.57,12.4
135514528,11.45,-11.57,12.43
135518396,11.49,-11.49,12.4
135522248,11.41,-10.9,12.16
135526100,11.38,-11.18,12.32
135529972,11.38,-10.24,11.69
135533820,11.34,-9.81,11.81
135537616,11.45,-9.81,11.81
135541408,11.49,-9.73,12.36
135545208,11.38,-9.81,11.89
135549008,11.34,-10.08,12.16
135552856,11.45,-10.16,12.32
135556712,11.53,-10.83,12.63
135560568,11.3,-10.32,13.3
135564412,11.38,-10.75,12.91
135568276,11.45,-10.83,13.02
135572124,11.45,-11.3,13.65
135575980,11.22,-11.06,13.57
135579832,11.1,-11.45,13.45
135583676,11.26,-11.41,13.38
135587540,11.49,-12.08,13.57
135591392,11.38,-11.96,13.57
135595248,11.45,-12.43,13.49
135599096,11.3,-12.67,13.18
135602956,11.45,-12.4,13.26
135606816,11.34,-11.61,13.26
135610676,11.53,-11.85,13.93
135614524,11.14,-11.14,13.06
135618384,11.49,-10.9,13.26
135622244,11.53,-10.75,13.06
135626100,11.57,-10.98,13.26
135629968,11.81,-10.4,12.63
135633820,11.45,-10.67,12.87
135637672,11.41,-10.36,12.51
135641528,11.61,-10.79,12.4
135645392,11.3,-10.55,12.4
135649244,11.18,-10.28,12.24
135653104,11.61,-10.51,12.28
135656972,11.41,-10.16,12.2
135660824,11.34,-10.24,12.12
135664692,11.14,-10.16,12.08
135668540,11.1,-10.28,11.77
135672400,11.22,-10.47,11.96
135676260,11.02,-9.89,11.73
135680056,11.02,-10.63,11.85
135683908,11.02,-10.51,11.89
135687760,11.06,-11.34,12.28
135691620,10.98,-11.1,11.81
135695476,10.9,-11.38,12.4
135699316,11.02,-11.1,12.43
135703172,11.3,-11.65,12.87
135707024,11.22,-11.65,13.42
135710880,11.41,-11.57,13.3
135714736,11.38,-11.57,13.26
135718596,11.41,-11.92,13.22
135722456,11.57,-11.45,13.34
135726304,11.26,-11.69,13.49
135730152,11.45,-11.49,13.42
135734012,11.73,-11.26,13.69
135737864,11.57,-11.06,13.77
135741712,12,-10.87,13.26
135745560,11.77,-10.79,13.06
135749404,11.61,-11.1,13.1
135753272,11.38,-10.47,12.79
135757120,11.53,-10.87,13.06
135760972,11.49,-10.4,12.59
135764816,11.3,-10.24,12.4
135768664,11.41,-10.55,12.43
135772524,11.26,-10.24,12.32
135776388,11.26,-10.28,12.16
135780252,11.26,-10.55,12.2
135784100,11.18,-10.16,12.12
135787964,11.06,-10.59,12.87
135791812,11.3,-10.94,12.24
135795656,11.1,-10.94,12.4
135799504,11.02,-10.63,12.87
135803356,11.26,-11.26,12.83
135807224,11.61,-11.14,12.67
135811084,11.22,-10.51,12.83
135814948,11.3,-10.67,13.1
135818800,11.41,-10.79,13.57
135822652,11.61,-11.26,12.94
135826504,11.3,-10.79,12.83
135830356,11.34,-10.51,12.98
135834224,11.41,-10.9,13.26
135838072,11.38,-11.45,12.79
135841928,11.45,-11.49,12.87
135845784,11.3,-11.49,12.83
135849636,11.38,-12.08,12.94
135853488,11.34,-11.85,13.1
135857340,11.61,-11.57,13.22
135861200,11.45,-11.3,13.1
135865052,11.49,-11.22,13.02
135868908,11.53,-10.75,12.94
135872760,11.34,-10.79,13.02
135876620,11.61,-10.83,13.06
135880472,11.53,-10.36,12.94
135884328,11.41,-10.87,12.98
135888184,11.49,-10.51,13.06
135892032,11.34,-10.43,13.02
135895876,11.41,-10.98,12.94
135899728,11.45,-10.4,12.75
135903596,11.14,-11.18,12.75
135907460,11.3,-10.59,12.63
135911308,11.41,-10.94,12.79
135915164,11.41,-10.71,12.51
135919028,11.41,-10.79,12.87
135922880,11.3,-11.18,12.71
135926740,11.38,-10.94,12.59
135930604,11.41,-10.9,12.83
135934468,11.02,-10.55,12.91
135938316,11.34,-11.06,12.91
135942180,11.34,-11.1,12.91
135946036,11.34,-10.75,12.91
135949896,11.69,-11.1,12.87
135953744,11.38,-11.38,13.1
135957600,11.61,-11.57,13.38
135961460,11.38,-11.3,13.18
135965312,11.65,-10.83,13.1
135969168,11.61,-10.79,13.18
135973028,11.69,-10.94,13.3
135976884,11.49,-10.59,13.26
135980740,11.49,-10.59,12.98
135984592,11.49,-10.83,12.98
135988448,11.41,-10.75,12.94
135992300,11.38,-10.63,13.06
135996160,11.41,-10.98,12.51
136000020,11.41,-10.87,12.32
136003876,11.34,-11.14,12.36
136007732,11.45,-11.26,12.4
136011584,11.1,-10.79,12.36
136015444,11.34,-11.26,12.4
136019300,11.53,-11.18,12.59
136023164,11.41,-11.02,12.67
136027016,11.41,-10.83,12.87
136030868,11.53,-10.87,13.02
136034712,11.38,-11.14,13.1
136038576,11.45,-11.45,12.98
136042436,11.53,-11.61,13.34
136046292,12.04,-11.57,13.42
136050144,11.81,-11.69,13.34
136054004,11.61,-12.08,13.3
136057844,11.65,-11.77,13.1
136061696,11.77,-11.38,13.34
136065548,11.61,-10.94,13.06
136069388,11.57,-10.9,13.3
136073244,11.38,-11.14,12.87
136077092,11.49,-10.9,12.94
136080952,11.34,-10.94,12.91
136084800,11.41,-10.83,13.1
136088648,11.49,-10.9,13.22
136092492,11.57,-10.4,13.1
136096336,11.45,-10.36,13.02
136100200,11.45,-10.43,13.14
136104056,11.53,-10.28,13.26
136107908,11.3,-10.2,13.02
136111744,11.45,-10.32,13.02
136115596,11.41,-10.28,13.18
136119460,11.53,-10.43,12.94
136123320,11.45,-10.87,12.91
136127188,11.22,-10.75,12.71
136131060,11.53,-11.3,12.55
136134908,11.22,-11.3,12.87
136138760,11.3,-11.18,12.16
136142616,11.18,-11.18,12.36
136146476,11.26,-11.45,12.12
136150328,11.22,-11.34,12.2
136154184,11.06,-12.04,12.16
136158032,11.26,-11.96,12.04
136161888,11.38,-11.65,12.12
136165748,11.26,-11.38,12.43
136169612,11.22,-11.61,12.4
136173464,11.45,-11.1,12.63
136177308,11.77,-11.34,12.79
136181172,11.53,-11.34,12.79
136185032,11.53,-10.83,13.18
136188888,12.04,-10.87,12.79
136192736,11.65,-11.14,12.91
136196604,11.65,-10.94,12.98
136200460,11.49,-10.63,12.87
136204312,11.69,-10.63,12.98
136208168,11.53,-10.71,12.94
136212036,11.49,-10.83,13.06
136215884,11.38,-10.71,13.3
136219736,11.38,-11.02,13.53
136223588,11.38,-10.98,13.18
136227452,11.57,-10.98,13.26
136231304,11.49,-10.9,13.38
136235164,11.45,-10.87,13.26
136239028,11.57,-11.02,13.22
136242884,11.49,-10.87,12.83
136246736,11.57,-10.87,12.67
136250592,11.49,-11.14,12.4
136254448,11.53,-11.49,12.55
136258300,11.41,-11.22,12.55
136262164,11.38,-11.02,12.67
136266016,11.38,-11.34,12.67
136269872,11.85,-11.3,12.51
136273728,11.26,-10.75,12.43
136277588,11.34,-10.83,12.24
136281456,11.41,-10.87,13.22
136285316,11.81,-11.34,12.55
136289180,11.38,-11.18,12.43
136293036,11.61,-11.57,12.91
136296896,11.57,-10.94,12.98
136300740,11.73,-10.87,12.71
136304604,11.61,-10.55,12.59
136308468,11.53,-11.06,12.79
136312320,11.53,-10.63,12.83
136316180,11.45,-10.94,12.71
136320040,11.3,-10.98,12.79
136323880,11.38,-11.02,12.71
136327728,11.34,-11.06,13.06
136331568,11.81,-10.98,12.67
136335424,11.49,-11.06,12.75
136339268,11.26,-11.02,12.71
136343120,11.34,-11.02,12.63
136346984,11.61,-11.41,12.75
136350836,11.1,-11.1,12.67
136354676,11.22,-11.18,12.67
136358528,11.34,-10.9,12.79
136362372,11.38,-10.87,12.51
136366236,11.41,-10.43,12.63
136370100,11.38,-10.9,12.59
136373944,11.34,-10.36,12.71
136377800,11.49,-10.63,12.59
136381648,11.77,-11.14,12.67
136385496,11.53,-11.02,12.94
136389360,11.53,-10.83,12.83
136393224,11.61,-11.26,12.91
136397080,11.41,-11.06,13.14
136400940,11.73,-11.18,13.14
136404796,11.49,-10.55,13.34
136408656,11.61,-10.83,13.26
136412516,11.38,-11.26,13.3
136416364,11.69,-11.53,13.1
136420216,11.57,-11.14,13.22
136424068,11.53,-11.3,13.53
136427924,11.57,-11.22,13.14
136431780,11.77,-11.45,13.14
136435640,11.49,-10.98,13.06
136439488,11.53,-11.02,13.26
136443344,11.73,-10.9,13.26
136447196,11.38,-11.14,13.06
136451044,11.38,-10.83,13.02
136454896,11.38,-10.98,12.91
136458760,11.34,-10.79,12.79
136462620,11.18,-10.75,12.47
136466476,11.26,-10.59,12.36
136470336,11.38,-10.55,12.43
136474204,11.3,-10.55,12.24
136478060,11.49,-10.43,12.51
136481928,11.65,-10.47,12.43
136485776,11.22,-10.36,12.55
136489628,11.34,-10.24,12.67
136493480,11.57,-10.55,12.87
136497344,11.53,-10.83,13.02
136501200,11.65,-10.63,13.42
136505056,11.61,-10.71,13.65
136508924,11.69,-11.02,13.34
136512776,11.34,-10.98,13.57
136516628,11.65,-11.45,13.45
136520480,11.65,-11.53,13.34
136524340,11.53,-11.65,13.61
136528200,11.53,-11.49,13.38
136532044,11.61,-11.65,13.53
136535896,11.49,-11.77,13.38
136539764,11.49,-12.04,13.22
136543620,11.34,-11.22,12.59
136547480,11.34,-11.81,12.83
136551348,11.45,-11.3,13.45
136555208,11.34,-10.9,12.63
136559064,11.34,-10.83,12.51
136562924,11.14,-10.32,12.67
136566776,11.26,-10.4,12.75
136570632,11.06,-10.43,12.4
136574476,11.26,-10.08,12.4
136578324,11.34,-10.16,12.47
136582192,11.3,-10.2,12.51
136586036,11.41,-10.59,12.24
136589892,11.26,-10.24,12.32
136593764,11.3,-10.47,12.36
136597616,11.3,-10.59,12.43
136601464,11.22,-10.47,12.51
136605324,11.38,-10.51,12.55
136609184,11.57,-10.71,12.67
136613040,11.53,-10.75,12.91
136616892,11.61,-10.87,12.63
136620760,11.96,-11.1,12.94
136624616,11.77,-11.14,12.98
136628472,11.77,-11.38,13.1
136632336,11.77,-11.49,13.18
136636192,11.61,-11.49,13.22
136640044,11.81,-11.89,13.45
136643900,11.81,-11.14,13.38
136647764,11.65,-11.57,13.22
136651612,11.65,-11.38,13.06
136655464,11.45,-11.41,12.98
136659320,11.41,-10.94,13.14
136663180,11.38,-11.26,12.47
136667036,11.26,-10.94,12.87
136670888,11.18,-10.79,12.87
136674748,11.26,-10.59,13.06
136678600,11.18,-10.43,12.59
136682452,11.34,-10.79,12.71
136686308,11.18,-10.67,12.75
136690176,11.06,-10.55,12.75
136694032,11.3,-11.06,13.49
136697880,10.94,-10.63,12.36
136701736,11.14,-11.02,12.36
136705600,11.06,-10.55,12.36
136709448,11.06,-10.87,12.4
136713292,10.83,-11.22,12.2
136717148,11.41,-11.45,12.28
136721016,11.26,-11.18,12.2
136724864,11.22,-11.57,12.4
136728716,11.26,-11.81,12.08
136732572,11.22,-11.81,12.28
136736432,11.53,-11.73,12.36
136740288,11.53,-11.26,12.55
136744148,11.49,-10.83,12.79
136748000,11.65,-10.24,12.91
136751860,11.65,-10.12,13.02
136755712,11.77,-10.12,13.34
136759568,11.69,-10.4,13.38
136763436,11.89,-10.2,13.18
136767284,12,-10.32,13.34
136771140,11.85,-10.28,13.45
136775000,11.61,-10.28,13.38
136778852,11.77,-10.87,13.34
136782704,11.69,-10.79,13.34
136786560,11.49,-11.49,13.06
136790412,11.61,-11.06,12.79
136794264,11.3,-11.53,12.63
136798124,11.02,-11.57,12.51
136801976,11.3,-11.61,12.59
136805824,11.34,-10.94,12.59
136809676,11.1,-11.38,12.43
136813524,11.14,-11.73,12.47
136817380,11.06,-11.45,12.79
136821240,11.06,-11.49,12.43
136825084,11.38,-11.81,12.32
136828944,11.06,-11.61,12.43
136832796,11.18,-11.1,12.67
136836644,11.1,-10.9,12.51
136840484,11.49,-10.94,12.32
136844344,11.38,-11.06,12.4
136848196,11.1,-10.71,12.47
136852048,11.3,-10.67,13.06
136855912,11.34,-10.51,12.79
136859764,11.49,-10.36,12.83
136863612,11.49,-10.24,12.98
136867460,11.57,-10.59,13.3
136871312,11.65,-10.79,13.02
136875168,11.96,-11.26,13.26
136879028,11.77,-11.26,13.18
136882888,11.69,-11.22,13.34
136886752,11.92,-11.14,13.34
136890604,11.92,-11.18,13.42
136894456,11.73,-10.47,13.53
136898324,11.69,-10.67,13.45
136902180,11.77,-10.83,13.85
136906032,11.69,-10.9,13.14
136909880,11.57,-10.94,13.42
136913744,11.65,-10.83,13.14
136917608,11.57,-11.06,12.91
136921464,11.3,-11.57,12.91
136925332,11.61,-11.61,12.75
136929204,11.45,-11.38,12.32
136933056,11.45,-11.57,12.87
136936920,11.18,-11.53,12.43
136940768,11.18,-10.94,12.51
136944620,11.34,-11.02,12.51
136948480,11.45,-10.71,12.98
136952336,11.22,-10.55,12.59
136956196,11.18,-10.43,12.67
136960052,11.34,-10.79,12.98
136963908,11.26,-10.47,12.94
136967760,11.26,-10.51,12.75
136971620,11.3,-10.43,13.02
136975464,11.14,-10.24,13.18
136979324,11.45,-10.79,12.94
136983180,11.38,-11.1,12.91
136987032,11.26,-11.34,12.91
136990904,11.38,-11.34,13.06
136994756,11.34,-11.65,13.02
136998604,11.69,-11.65,12.94
137002456,11.73,-11.61,13.22
137006316,11.53,-11.45,13.14
137010184,11.65,-11.61,13.18
137014036,11.61,-11.45,13.06
137017884,11.73,-11.18,12.94
137021744,11.85,-10.94,13.06
137025592,11.57,-10.67,13.18
137029444,11.53,-10.36,13.1
137033296,11.73,-10.71,13.02
137037164,11.69,-10.51,13.1
137041016,11.65,-10.32,12.83
137044868,11.69,-10.47,13.26
137048720,11.69,-10.28,12.55
137052580,11.49,-10.51,12.79
137056436,11.69,-10.36,12.75
137060288,11.61,-10.24,13.14
137064156,11.89,-10.51,12.71
137068020,11.45,-10.4,12.94
137071868,11.61,-10.47,12.87
137075736,11.57,-11.02,13.61
137079584,11.1,-11.57,13.06
137083432,11.41,-11.49,13.22
137087284,11.57,-12.08,13.3
137091132,11.45,-12.16,13.38
137094988,11.1,-12.08,12.87
137098836,11.38,-12.04,12.79
137102692,11.38,-11.96,12.79
137106556,11.57,-12.04,12.87
137110408,11.3,-11.45,12.59
137114252,11.34,-11.38,12.98
137118112,11.45,-11.18,13.02
137121968,11.45,-10.94,12.83
137125820,11.53,-10.63,12.79
137129676,11.53,-10.59,12.94
137133528,11.38,-10.28,12.79
137137388,11.38,-10.2,12.67
137141236,11.45,-10.43,12.36
137145092,11.49,-10.12,12.47
137148948,11.38,-9.96,12.75
137152744,11.34,-9.77,12.59
137156548,11.49,-10.08,13.34
137160408,11.45,-10.16,12.83
137164264,11.53,-9.92,12.83
137168060,11.61,-9.92,12.98
137171852,11.53,-10.24,13.02
137175700,11.81,-10.2,13.06
137179548,11.57,-10.75,12.83
137183412,11.41,-11.02,12.79
137187260,11.38,-11.06,13.42
137191120,11.41,-11.61,12.36
137194992,11.45,-11.3,12.12
137198844,11.1,-11.69,12.04
137202692,11.18,-11.61,11.92
137206552,11.34,-11.65,11.89
137210412,11.34,-12.43,12.32
137214268,11.38,-11.89,12.32
137218128,11.34,-12.59,12.51
137221984,11.41,-12.75,13.3
137225840,11.73,-12.43,13.06
137229688,11.41,-12.2,13.34
137233548,11.49,-12.16,13.57
137237412,11.57,-11.81,13.77
137241268,11.3,-11.14,13.81
137245124,11.89,-10.75,13.65
137248980,11.49,-10.75,13.53
137252828,11.45,-10.43,13.49
137256684,11.34,-10.47,12.94
137260548,11.3,-10.63,13.14
137264404,11.34,-10.47,12.67
137268260,11.26,-10.36,12.71
137272124,11.3,-10.47,12.43
137275988,11.06,-10.24,12.32
137279832,11.38,-9.96,12.16
137283628,11.34,-9.92,12.32
137287424,11.41,-9.81,12.2
137291212,11.26,-9.69,12.4
137295004,11.34,-9.92,12.59
137298792,11.34,-9.81,12.59
137302588,11.34,-10.2,12.94
137306436,11.38,-10.59,12.63
137310300,11.41,-11.22,12.91
137314160,11.38,-11.53,12.98
137318016,11.45,-11.65,13.96
137321872,11.3,-11.81,13.02
137325728,11.57,-12.55,13.22
137329596,11.41,-12.24,13.38
137333456,11.53,-12,13.18
137337308,11.41,-12.04,13.89
137341160,11.65,-11.69,13.14
137345012,11.38,-12.24,12.98
137348880,11.45,-11.92,12.98
137352736,11.34,-11.73,12.91
137356592,11.34,-11.45,12.59
137360444,11.14,-11.34,12.55
137364304,11.26,-10.94,12.63
137368168,11.06,-10.94,12.47
137372020,11.06,-10.59,12.59
137375860,11.22,-10.43,12.67
137379720,11.1,-10.36,12.63
137383576,11.26,-10.4,12.63
137387428,11.26,-10.59,12.51
137391296,11.14,-10.71,12.75
137395160,11.41,-10.59,12.79
137399016,11.49,-10.36,12.63
137402880,11.49,-10.2,12.63
137406736,11.49,-10.2,12.67
137410592,11.49,-10.43,12.67
137414444,11.49,-10.71,12.59
137418312,11.45,-10.67,12.47
137422180,11.18,-10.98,12.51
137426032,11.53,-10.9,12.71
137429892,11.49,-11.1,12.55
137433736,11.38,-10.9,13.45
137437584,11.49,-11.26,13.06
137441436,11.49,-11.18,13.22
137445304,11.45,-11.3,13.57
137449164,11.45,-11.38,13.14
137453016,11.85,-10.9,12.94
137456864,11.34,-11.34,13.06
137460720,11.49,-11.22,13.42
137464584,11.53,-11.1,12.87
137468432,11.65,-11.14,12.87
137472292,11.38,-11.14,12.63
137476152,11.18,-11.22,12.83
137480008,11.41,-10.67,13.02
137483856,11.22,-10.59,12.67
137487724,11.22,-10.75,12.75
137491580,11.26,-10.63,12.63
137495432,11.34,-10.63,12.47
137499292,11.34,-11.02,12.28
137503148,11.41,-10.71,12.32
137507012,11.14,-10.59,12.12
137510872,11.18,-10.47,12.55
137514732,11.34,-10.67,12.32
137518592,11.41,-10.63,12.32
137522448,11.26,-10.55,12.4
137526316,11.38,-10.9,12.71
137530172,11.38,-10.87,12.47
137534028,11.49,-10.98,12.63
137537896,11.41,-10.94,12.83
137541748,11.53,-11.14,12.63
137545604,11.69,-11.41,12.71
137549456,11.61,-11.38,12.98
137553312,11.61,-11.1,13.1
137557168,11.45,-11.53,13.45
137561020,11.65,-11.41,12.83
137564896,11.34,-11.26,13.22
137568764,11.61,-11.38,13.34
137572620,11.57,-11.45,13.18
137576480,11.53,-11.38,12.87
137580332,11.57,-10.9,13.26
137584196,11.38,-10.47,13.45
137588044,11.45,-10.71,13.18
137591896,11.61,-10.47,13.57
137595748,11.73,-10.4,13.06
137599600,11.61,-10.2,12.71
137603456,11.49,-10.36,12.71
137607316,11.45,-10.51,12.75
137611188,11.22,-10.55,12.43
137615040,11.65,-10.51,12.4
137618888,11.34,-10.43,12.51
137622740,11.38,-10.43,12.12
137626600,11.38,-11.1,12.47
137630452,11.34,-10.79,12.71
137634308,11.3,-10.98,12.63
137638160,11.26,-11.02,13.22
137642016,11.3,-11.1,12.87
137645868,11.41,-11.26,12.94
137649724,11.34,-11.34,12.94
137653576,11.26,-11.53,13.22
137657428,11.45,-11.61,12.51
137661292,11.26,-11.57,12.79
137665152,11.41,-11.96,12.63
137669004,11.34,-11.53,13.1
137672860,11.57,-11.65,12.83
137676724,11.45,-11.3,12.83
137680576,11.45,-11.06,13.06
137684412,11.45,-10.55,13.06
137688260,11.41,-10.43,13.14
137692116,11.34,-10.47,13.14
137695976,11.49,-10.43,13.06
137699836,11.38,-10.75,13.02
137703680,11.34,-10.55,13.1
137707536,11.49,-11.06,13.06
137711380,11.41,-10.71,13.34
137715236,11.53,-11.22,13.14
137719096,11.45,-11.38,12.91
137722956,11.45,-11.53,13.34
137726804,11.41,-11.02,13.38
137730668,11.61,-11.1,13.22
137734520,11.69,-11.3,13.49
137738368,11.69,-11.3,13.57
137742216,11.65,-10.75,13.34
137746068,11.65,-10.59,13.26
137749924,11.65,-10.83,13.81
137753780,11.96,-10.71,13.1
137757628,11.49,-10.71,12.94
137761484,11.57,-10.59,12.98
137765336,11.49,-10.87,13.65
137769192,11.34,-11.06,12.75
137773040,11.45,-11.3,12.75
137776892,11.53,-11.61,12.83
137780744,11.34,-12.04,13.1
137784584,11.38,-11.77,13.42
137788440,11.69,-10.94,12.79
137792296,11.53,-10.59,12.71
137796160,11.38,-10.59,12.71
137800012,11.41,-10.59,12.71
137803872,11.22,-10.63,12.59
137807724,11.22,-10.28,12.4
137811576,11.06,-10.16,12.16
137815420,10.87,-9.69,12.32
137819212,10.79,-9.96,11.22
137823004,10.59,-10.16,11.26
137826868,10.94,-10.9,11.34
137830716,10.87,-11.06,11.65
137834564,10.9,-10.9,11.89
137838400,11.26,-10.28,12.12
137842256,11.3,-10.9,12.63
137846116,11.49,-11.41,12.98
137849964,11.89,-11.61,13.18
137853816,12.24,-28.64,-7.34
137857636,-0.47,-11.45,2
137861376,-38.17,-76.88,-74.26
137865272,48.84,-55.58,146.04
137869184,-42.17,37.7,-47.54
137873048,-101.32,-22.52,127.53
137877028,124.35,7.18,119.8
137880932,-46.17,-32.79,147.85
137884864,-28.83,5.02,88.53
137888656,48.37,-62.45,113.21
137892568,131.96,-45.31,41.31
137896476,3.06,-154.04,49.94
137900316,-11.96,-155.81,66.92
137904248,18.32,-30.87,138
137908156,10.16,64.14,-88.26
137912016,95.95,112.93,-137.37
137915988,53.51,-95.91,-19.38
137919872,16.51,-0.47,54.92
137923660,-1.84,-12.55,17.93
137927468,20.01,18.08,51.43
137931296,15.89,15.02,40.48
137935136,17.85,15.3,33.77
137938984,10.55,16.55,30.4
137942808,9.53,12.04,28.28
137946584,-56.68,-48.72,-39.62
137950464,-58.72,-0.51,33.11
137954280,5.53,23.18,11.38
137958048,-5.26,-4.43,-10.94
137961808,2.71,-10.43,-12.47
137965620,-18.4,4.63,0.27
137969328,-5.1,-49.82,-9.57
137973104,9.96,-17.1,-20.59
137976904,-1.96,-10.16,-23.93
137980720,-2.28,-16.04,-20.83
137984544,-3.14,-24.79,-16.32
137988372,-2.24,-27.03,-12.98
137992184,-1.45,-28.48,13.14
137995996,-13.53,-45.31,0.27
137999804,2.2,-32.21,2.63
138003544,1.88,-30.32,4.08
138007276,4.98,-31.15,7.57
138011004,4.75,-27.34,9.06
138014736,9.49,-24.95,10.79
138018532,6.16,-22.2,12.75
138022320,12,-14.32,13.69
138026172,10.75,-15.69,15.42
138030024,11.57,-14.59,16.2
138033876,11.92,-12.75,19.57
138037744,13.77,-13.77,20.48
138041592,13.65,-9.26,22.63
138045392,15.53,-9.85,24.01
138049184,15.65,-11.22,22.99
138053036,15.81,-15.77,21.34
138056892,24.71,-32.56,28.99
138060740,18.36,25.65,69.35
138064580,16.08,-2,17.22
138068360,36.6,14.2,29.07
138072180,18.32,0.86,22.12
138075952,-2.67,-19.5,34.13
138079760,20.01,-3.26,23.61
138083556,17.97,-11.73,26.05
138087396,18.87,-7.57,24.36
138091184,13.1,-9.06,22.91
138094972,16.67,-9.41,21.5
138098764,17.38,-10.36,20.04
138102612,16.2,-10.98,19.3
138106452,15.38,-12.59,16.91
138110316,13.77,-13.45,16
138114160,13.3,-14.4,14.79
138118004,12.67,-14.91,13.77
138121864,12.16,-16.12,13.22
138125720,11.41,-16.71,11.45
138129580,10.94,-16.28,12.47
138133436,9.81,-15.46,17.18
138137228,8.04,-11.34,21.42
138141016,2.2,-12.04,-12.24
138144820,22.4,-10.12,6.71
138148608,4.39,-44.29,13.65
138152404,14.98,-10.08,7.92
138156184,12.43,-8.87,6.08
138159916,10.55,-10.63,7.88
138163708,10.28,-13.34,9.18
138167504,9.57,-10.32,9.61
138171240,10.32,-10.71,9.57
138175040,15.34,-5.3,9.45
138178768,11.92,-9.96,10.2
138182552,12.12,-9.38,10.67
138186356,12.16,-8.94,11.3
138190140,12.32,-8.12,11.96
138193948,12.4,-7.96,12.32
138197736,12.94,-7.61,12.47
138201532,12.59,-7.41,12.43
138205336,12.47,-7.57,12.59
138209124,12.59,-8.08,12.24
138212916,12.79,-9.61,12.51
138216716,12.47,-10.79,13.14
138220580,12.79,-10.87,12.91
138224436,12.71,-10.43,12.36
138228292,12.59,-9.89,13.65
138232092,13.73,-9.3,12.28
138235880,12.98,-7.26,14.79
138239668,13.22,-8.16,13.22
138243468,11.96,-9.92,14.12
138247264,6.16,-11.73,12.4
138251056,13.53,-7.53,13.34
138254856,12.08,-9.22,13.34
138258640,11.45,-8.55,12.08
138262424,11.65,-7.73,11.61
138266220,11.3,-7.92,11.1
138269996,10.9,-7.92,11.26
138273780,11.26,-7.96,10.71
138277580,10.59,-11.92,10.47
138281428,10.4,-10.28,10.08
138285276,10.36,-11.65,9.26
138289084,10.28,-12.43,10.12
138292944,10.2,-12.75,10.59
138296800,10.2,-13.57,10.2
138300640,10.2,-12.98,10.28
138304492,10.12,-13.49,10.51
138308356,10.36,-13.18,11.14
138312212,10.24,-12.47,11.3
138316068,10.63,-12.16,10.87
138319928,10.9,-11.57,11.06
138323768,11.18,-11.57,11.06
138327616,11.14,-11.06,11.65
138331476,11.26,-11.02,12.36
138335328,11.22,-9.92,11.96
138339120,11.77,-10,11.92
138342956,11.77,-8.87,12.24
138346748,11.81,-9.06,12.24
138350536,12.04,-8.47,12.36
138354316,11.81,-8.47,12.51
138358124,11.92,-8.55,12.75
138361920,11.92,-8.43,12.63
138365708,12.24,-8.75,12.91
138369504,12.12,-9.14,12.94
138373296,11.96,-9.53,13.02
138377088,11.89,-9.92,13.02
138380884,11.81,-10.4,13.22
138384748,11.53,-10.79,12.59
138388604,11.45,-10.28,12.71
138392456,11.57,-11.06,12.63
138396300,11.38,-11.61,12.59
138400164,11.22,-11.96,13.22
138404020,11.14,-12,12.36
138407868,11.22,-12.59,12.32
138411728,11.34,-12.83,12.08
138415576,11.14,-13.45,11.85
138419428,11.06,-13.49,11.85
138423272,11.1,-13.22,12.04
138427128,10.79,-12.59,12.2
138430976,10.98,-12.2,12.32
138434832,11.06,-11.85,12.91
138438700,11.1,-10.55,12.63
138442544,11.1,-10.28,12.94
138446392,11.3,-10.04,12.91
138450236,11.22,-9.92,13.18
138454028,11.14,-9.38,12.94
138457828,11.53,-9.38,12.51
138461624,11.53,-9.85,12.59
138465424,11.38,-10.2,12.36
138469276,11.61,-10.59,12.24
138473132,11.14,-11.22,11.96
138476984,11.38,-11.45,11.81
138480848,11.3,-12.28,12.04
138484688,11.34,-12.36,11.89
138488544,11.53,-12.12,12
138492396,11.61,-12.08,12.32
138496256,11.45,-11.73,12.59
138500116,11.45,-11.26,12.51
138503968,11.38,-11.1,13.18
138507820,11.57,-11.02,12.63
138511676,11.22,-11.26,12.63
138515532,11.41,-11.57,12.75
138519384,11.3,-11.38,12.87
138523244,11.14,-11.57,12.83
138527104,11.41,-11.38,12.79
138530964,11.38,-10.94,13.02
138534812,11.26,-11.14,12.87
138538672,11.49,-11.49,12.71
138542532,11.06,-11.69,12.59
138546372,10.98,-11.85,12.75
138550224,10.98,-11.69,12.4
138554080,11.34,-11.41,12.47
138557948,10.94,-11.65,12.51
138561800,11.06,-11.22,12.51
138565660,11.1,-11.1,12.4
138569508,11.34,-11.14,12.47
138573368,11.18,-11.45,12.67
138577220,11.14,-11.38,12.63
138581080,11.18,-11.38,13.06
138584932,11.26,-11.41,12.83
138588792,11.14,-11.18,12.59
138592644,11.18,-11.38,12.36
138596508,11.45,-11.69,12.36
138600372,11.34,-11.73,12.47
138604224,11.53,-11.73,12.67
138608088,11.41,-11.06,12.98
138611932,11.49,-11.3,12.91
138615780,11.73,-11.06,13.65
138619632,11.77,-10.59,13.34
138623492,11.81,-10.4,13.61
138627352,11.77,-10.4,13.77
138631208,11.73,-10.08,14.12
138635064,11.73,-10.36,13.02
138638928,11.69,-10.94,13.1
138642788,11.57,-11.45,12.91
138646640,11.57,-11.38,12.79
138650496,11.34,-11.65,12.55
138654356,11.45,-11.49,12.59
138658204,11.38,-11.26,12.79
138662072,11.3,-11.22,13.22
138665928,11.49,-11.57,12.91
138669792,11.3,-11.22,12.79
138673652,11.49,-11.49,12.91
138677508,11.57,-11.41,13.1
138681368,11.89,-11.41,13.22
138685220,11.57,-11.06,13.14
138689076,11.65,-10.71,13.49
138692944,11.53,-10.36,13.57
138696796,11.85,-10.32,13.61
138700660,11.65,-10.47,13.73
138704520,11.61,-10.12,13.49
138708372,11.69,-10.36,13.34
138712244,11.73,-10.59,13.02
138716096,11.85,-10.67,12.79
138719952,11.53,-10.79,12.55
138723816,11.96,-10.87,12.63
138727676,11.49,-11.02,12.55
138731532,11.81,-10.98,12.67
138735380,11.61,-11.06,12.71
138739236,11.73,-11.22,12.79
138743100,11.69,-11.18,13.34
138746952,11.49,-11.49,13.06
138750792,11.65,-11.45,13.38
138754660,11.61,-11.45,13.38
138758520,11.45,-11.53,13.77
138762376,11.26,-11.69,12.98
138766228,11.49,-11.1,12.98
138770080,11.38,-11.65,12.83
138773940,11.26,-11.26,12.94
138777796,10.87,-11.34,12.55
138781656,11.3,-10.79,12.51
138785520,11.38,-10.63,12.63
138789376,11.41,-10.47,12.32
138793236,11.26,-11.06,12.79
138797096,11.53,-11.26,12.91
138800956,11.61,-11.02,13.38
138804820,11.57,-10.94,13.81
138808684,11.53,-10.32,13.81
138812540,11.85,-10.12,13.85
138816388,11.96,-10.12,13.81
138820252,12.08,-10.55,13.69
138824104,11.81,-10.51,13.57
138827960,12.16,-10.59,13.34
138831824,11.85,-10.75,13.22
138835684,11.85,-11.02,13.22
138839548,11.92,-11.14,12.75
138843400,11.65,-11.38,12.55
138847260,11.69,-11.61,12.47
138851132,11.69,-11.22,12.51
138854992,11.57,-11.65,12.32
138858852,11.61,-11.69,12.32
138862708,11.61,-11.65,12.32
138866564,11.49,-11.45,12.36
138870416,11.49,-11.26,12.4
138874264,11.41,-11.3,12.32
138878128,11.49,-11.26,12.32
138881980,11.45,-11.14,12.4
138885832,11.26,-10.87,12.51
138889688,11.22,-10.87,12.43
138893544,11.22,-10.83,12.4
138897396,11.14,-10.9,12.55
138901252,11.18,-10.63,12.24
138905112,11.06,-10.98,12.43
138908964,11.57,-11.06,12.55
138912824,11.45,-11.02,12.4
138916672,11.45,-11.18,12.36
138920528,11.53,-11.53,12.43
138924388,11.49,-11.53,12.51
138928252,11.49,-11.57,12.59
138932108,11.57,-11.61,12.67
138935960,11.3,-11.34,12.91
138939820,11.77,-11.18,12.91
138943684,11.57,-10.83,12.91
138947536,11.61,-11.06,14.08
138951380,11.34,-10.98,13.18
138955244,11.73,-11.02,13.22
138959100,11.61,-11.02,13.61
138962952,11.61,-11.1,14.04
138966800,11.61,-11.18,13.22
138970660,11.65,-11.53,13.34
138974512,11.69,-11.53,13.34
138978364,11.61,-11.73,13.38
138982224,11.41,-11.53,13.26
138986092,11.53,-11.69,13.26
138989944,11.57,-11.38,13.22
138993804,11.41,-11.14,12.98
138997668,11.53,-11.02,12.75
139001512,11.38,-10.83,12.63
139005372,11.41,-10.79,12.55
139009232,11.41,-10.94,12.43
139013088,11.49,-10.9,12.63
139016940,11.41,-11.14,12.36
139020808,11.53,-11.18,12.2
139024668,11.34,-11.18,12.24
139028524,11.45,-11.45,12.2
139032368,11.34,-11.26,12.32
139036240,11.3,-11.3,12.43
139040104,11.22,-11.34,12.4
139043952,11.22,-11.49,13.1
139047808,11.14,-11.61,12.71
139051664,11.41,-11.57,12.67
139055516,11.22,-11.65,13.14
139059372,11.3,-11.69,12.83
139063236,11.26,-11.06,13.06
139067092,11.1,-10.71,13.22
139070944,11.14,-10.59,12.94
139074808,11.45,-10.55,13.38
139078668,11.65,-10.16,12.94
139082520,11.49,-10.04,12.75
139086360,11.49,-10.2,12.4
139090204,11.38,-10.16,12.36
139094072,11.14,-10.24,11.92
139097928,11.34,-10.63,11.89
139101784,11.26,-11.18,12
139105640,11.26,-10.9,11.85
139109492,11.85,-11.26,12.08
139113344,11.34,-11.3,12.08
139117184,11.41,-11.3,12.32
139121044,11.38,-11.53,13.02
139124900,11.65,-11.53,12.87
139128760,11.57,-11.34,12.94
139132616,11.65,-11.26,13.14
139136476,11.57,-11.1,13.45
139140328,11.65,-11.49,13.34
139144176,11.69,-11.41,13.45
139148044,11.41,-11.3,13.38
139151900,11.57,-11.18,13.38
139155756,11.53,-11.34,13.69
139159608,11.45,-11.06,12.87
139163460,11.34,-10.98,12.79
139167324,11.57,-10.94,12.75
139171184,11.61,-11.14,12.75
139175052,11.41,-11.1,12.71
139178912,11.38,-10.94,12.59
139182764,11.26,-11.34,12.55
139186616,11.38,-10.67,12.71
139190480,11.22,-10.51,12.59
139194340,11.69,-10.75,13.06
139198192,11.65,-10.32,12.94
139202056,11.65,-10.12,12.79
139205912,11.45,-9.81,12.55
139209704,11.38,-9.41,12.67
139213504,11.73,-10.36,12.98
139217356,11.49,-10.36,13.53
139221216,11.73,-10.32,12.59
139225080,11.65,-10.75,12.79
139228936,11.61,-10.98,13.1
139232788,11.49,-11.53,12.87
139236652,11.65,-11.41,12.91
139240508,11.14,-11.41,12.94
139244360,11.34,-11.85,12.91
139248240,11.41,-11.77,13.1
139252096,11.49,-11.81,12.94
139255956,11.3,-11.53,12.83
139259824,11.34,-11.3,12.87
139263680,11.26,-11.77,13.18
139267536,11.3,-11.49,12.83
139271384,11.41,-11.02,13.3
139275236,11.45,-10.55,13.53
139279096,11.45,-10.55,13.18
139282948,11.45,-10.94,13.22
139286804,11.26,-10.67,13.14
139290660,11.3,-10.63,12.71
139294508,11.41,-10.98,12.67
139298356,11.49,-10.98,13.22
139302216,11.61,-10.94,12.71
139306076,11.49,-11.18,12.55
139309928,11.45,-11.41,12.4
139313780,11.53,-11.45,12.51
139317644,11.3,-11.81,12.83
139321504,11.53,-11.65,13.1
139325360,11.53,-11.81,13.1
139329216,11.77,-11.3,13.18
139333072,11.77,-11.14,13.38
139336924,11.57,-10.67,13.34
139340784,11.73,-10.55,13.06
139344644,11.69,-10.4,12.94
139348496,11.69,-10.47,12.83
139352340,11.41,-10.75,12.94
139356208,11.34,-10.75,12.91
139360068,11.34,-10.75,13.1
139363920,11.22,-10.87,12.94
139367780,11.45,-11.1,12.94
139371632,11.34,-10.94,12.87
139375488,11.38,-11.02,12.63
139379336,11.34,-11.1,13.06
139383180,11.41,-11.26,12.59
139387044,11.26,-11.57,12.75
139390912,11.18,-11.81,12.71
139394784,11.41,-11.96,12.67
139398648,11.1,-11.92,12.51
139402496,11.3,-11.92,12.67
139406348,11.18,-11.73,12.36
139410216,11.26,-11.96,12.71
139414080,11.26,-11.65,12.55
139417932,11.34,-11.49,12.67
139421796,11.22,-11.41,12.67
139425648,11.3,-11.02,12.55
139429496,11.61,-10.98,12.63
139433348,11.14,-11.18,12.63
139437216,11.3,-10.83,12.2
139441076,11.1,-11.1,12.16
139444920,11.26,-10.59,12.24
139448776,11.3,-10.87,12.2
139452628,11.34,-10.83,12
139456476,11.18,-10.94,12.16
139460332,11.45,-11.22,12.28
139464196,11.53,-11.14,12.51
139468060,11.45,-10.9,12.63
139471916,11.65,-10.83,13.34
139475768,12,-10.51,12.91
139479616,11.65,-10.4,13.02
139483468,11.65,-10.51,13.14
139487328,11.69,-10.63,13.61
139491180,11.73,-10.87,13.3
139495040,11.69,-11.22,12.98
139498888,11.49,-11.1,13.06
139502748,11.61,-11.18,12.91
139506620,11.57,-11.34,12.94
139510484,11.57,-11.3,12.87
139514336,11.69,-11.38,13.06
139518184,11.57,-11.38,13.14
139522044,11.61,-11.65,13.06
139525908,11.34,-11.18,13.06
139529752,11.34,-11.1,12.87
139533604,11.34,-11.57,13.45
139537464,11.38,-11.49,12.91
139541324,11.38,-11.61,12.94
139545184,11.49,-11.06,12.83
139549044,11.3,-10.71,12.87
139552896,11.38,-11.06,13.38
139556744,11.14,-10.43,12.51
139560596,11.34,-10.4,12.55
139564452,11.26,-10.67,12.43
139568316,11.34,-10.51,13.22
139572168,11.41,-11.02,12.43
139576032,11.3,-10.98,12.43
139579892,11.45,-11.38,12.67
139583744,11.53,-10.9,12.75
139587596,11.69,-11.49,12.63
139591452,11.73,-11.73,12.83
139595324,11.73,-11.53,13.02
139599172,11.69,-11.49,13.18
139603028,11.49,-10.98,13.34
139606880,11.85,-10.55,13.42
139610736,11.77,-10.75,13.53
139614592,11.69,-10.87,13.73
139618456,11.96,-10.9,13.26
139622324,11.61,-10.94,13.1
139626176,11.57,-11.22,13.1
139630032,11.57,-11.14,13.1
139633884,11.57,-11.18,12.87
139637736,11.38,-11.57,12.98
139641592,11.57,-11.53,13.1
139645444,11.3,-11.38,12.67
139649300,11.26,-11.49,12.87
139653156,11.38,-11.61,12.94
139657020,11.38,-11.41,12.51
139660888,11.22,-11.34,12.43
139664748,11.3,-11.38,12.32
139668608,11.06,-10.9,12.24
139672452,11.1,-10.71,12.4
139676308,11.18,-11.14,12.28
139680160,11.02,-10.98,12.2
139684012,11.22,-11.1,12.4
139687872,11.3,-10.87,12.75
139691724,11.34,-10.43,13.1
139695576,11.3,-10.87,13.49
139699428,11.49,-11.02,12.91
139703284,11.45,-11.1,12.94
139707132,11.57,-10.67,13.14
139710996,11.57,-10.71,13.53
139714856,11.69,-11.14,12.94
139718708,11.65,-11.02,12.83
139722556,11.77,-10.94,13.26
139726420,11.73,-11.61,13.06
139730284,11.89,-11.14,12.94
139734140,11.73,-11.26,12.75
139738000,11.73,-11.1,12.67
139741852,11.65,-10.71,12.94
139745704,11.65,-10.98,12.75
139749556,11.73,-10.94,12.75
139753412,11.57,-10.87,12.94
139757276,11.49,-10.55,12.87
139761136,11.45,-11.06,12.87
139764992,11.61,-11.34,13.1
139768856,11.3,-11.02,13.06
139772692,11.57,-11.14,12.91
139776548,11.45,-11.22,13.73
139780412,11.57,-11.06,12.98
139784252,11.41,-10.94,12.75
139788108,11.49,-10.79,12.63
139791964,11.18,-10.71,12.51
139795832,11.14,-10.55,12.36
139799696,11.1,-10.71,12.43
139803544,11.14,-10.87,12.36
139807392,11.06,-10.9,12.47
139811232,10.98,-10.98,12.04
139815084,10.98,-10.98,12.36
139818940,11.34,-11.1,12.28
139822800,11.22,-11.02,12.28
139826648,11.45,-11.06,12.75
139830492,11.53,-10.94,12.94
139834340,11.69,-10.94,13.53
139838208,11.61,-11.06,13.06
139842052,12.12,-10.79,13.34
139845904,11.53,-10.79,13.45
139849768,11.85,-11.1,13.42
139853628,11.65,-10.79,13.65
139857484,11.49,-10.9,13.18
139861324,11.61,-11.14,12.94
139865188,11.61,-11.14,13.14
139869048,11.45,-11.73,12.79
139872900,11.65,-11.57,12.67
139876760,11.57,-11.89,12.63
139880624,11.45,-11.96,12.47
139884476,11.49,-11.65,12.32
139888332,11.41,-11.65,12.79
139892192,11.22,-11.61,12.63
139896056,11.34,-11.26,12.75
139899916,11.3,-11.02,12.83
139903772,11.49,-10.59,12.79
139907628,11.45,-10.63,12.83
139911480,11.34,-10.43,13.22
139915336,11.3,-10.47,13.02
139919188,11.18,-10.63,13.73
139923052,11.26,-11.06,13.06
139926904,11.45,-11.26,12.91
139930776,11.18,-11.53,13.34
139934640,11.38,-11.53,13.3
139938484,11.38,-11.61,13.22
139942344,11.45,-11.38,13.18
139946204,11.38,-11.34,12.98
139950064,11.41,-11.38,12.67
139953928,11.22,-11.14,13.02
139957788,11.41,-11.18,12.67
139961636,11.22,-11.18,13.06
139965492,11.45,-10.59,13.89
139969340,11.61,-10.4,12.55
139973208,11.45,-10.4,12.55
139977076,11.41,-10.12,12.79
139980932,11.38,-10.71,13.1
139984784,11.53,-10.79,12.67
139988636,11.34,-11.02,12.71
139992488,11.57,-11.61,12.87
139996344,11.53,-11.65,12.98
140000204,11.53,-11.57,12.94
140004064,11.45,-11.92,12.94
140007924,11.45,-12.08,13.02
140011772,11.53,-12,13.14
140015628,11.14,-12,13.18
140019468,11.18,-11.85,12.94
140023320,11.41,-11.14,13.1
140027184,11.34,-10.71,13.02
140031040,11.41,-10.51,12.71
140034896,11.34,-10.47,12.55
140038768,11.38,-10.16,12.63
140042624,11.14,-10.32,12.59
140046484,11.26,-10.51,12.28
140050344,11.38,-10.24,12.43
140054200,11.45,-10.51,12.51
140058064,11.41,-10.71,12.36
140061920,11.61,-10.9,12.4
140065772,11.18,-11.06,12.55
140069624,11.41,-11.1,12.43
140073472,11.45,-11.34,12.79
140077324,11.41,-11.18,13.3
140081196,11.61,-10.75,12.47
140085056,11.53,-11.34,12.94
140088912,11.34,-10.75,12.83
140092784,11.3,-11.1,13.02
140096628,11.38,-11.06,12.47
140100472,11.38,-11.53,12.28
140104324,11.45,-11.57,12.32
140108188,11.38,-11.45,12.28
140112052,11.06,-11.53,12.4
140115900,11.1,-11.1,12.59
140119748,11.34,-10.94,12.71
140123608,11.26,-10.63,12.71
140127460,11.22,-10.94,12.24
140131312,11.22,-10.59,12.2
140135168,11.26,-10.28,12.32
140139028,11.26,-10.55,12.47
140142884,11.38,-10.2,12.24
140146736,11.38,-10.28,12.51
140150600,11.34,-10.43,12.63
140154464,11.38,-10.51,12.94
140158328,11.38,-10.9,12.91
140162192,11.41,-11.26,13.18
140166072,11.61,-11.53,13.18
140169928,11.61,-11.57,13.02
140173776,11.69,-11.65,13.57
140177628,11.89,-11.77,13.38
140181480,12,-11.92,13.38
140185328,11.77,-11.92,13.45
140189192,11.69,-11.96,13.53
140193052,11.49,-11.85,13.53
140196908,11.61,-11.73,13.49
140200768,11.61,-11.77,13.45
140204624,11.53,-11.49,13.49
140208488,11.22,-10.75,13.14
140212340,11.22,-10.4,13.02
140216196,11.53,-10.32,12.91
140220068,11.57,-10.63,12.71
140223916,11.14,-10,12.59
140227772,11.06,-10.24,12.2
140231612,11.06,-9.96,11.69
140235404,11.02,-10.28,11.14
140239260,10.79,-10.47,11.49
140243112,10.83,-10.4,11.57
140246972,11.02,-10.59,11.65
140250828,11.18,-10.94,12.51
140254680,11.14,-10.71,12.32
140258536,11.3,-11.02,12.71
140262392,11.61,-11.41,13.02
140266256,11.69,-11.77,13.42
140270108,11.85,-12.04,13.49
140273956,11.92,-12.36,13.61
140277816,11.85,-12.28,13.69
140281668,11.89,-12,13.93
140285516,11.92,-11.61,13.45
140289368,11.89,-11.41,13.65
140293220,11.73,-11.3,13.77
140297076,11.73,-11.18,13.69
140300928,11.77,-11.38,14
140304772,11.96,-11.02,13.73
140308624,12,-10.94,13.73
140312464,11.92,-10.94,13.65
140316312,11.69,-10.83,13.57
140320172,11.53,-11.41,13.18
140324036,11.41,-11.14,13.1
140327880,11.45,-11.34,12.67
140331748,11.53,-11.14,13.14
140335608,11.65,-10.79,12.43
140339460,11.38,-10.67,12.67
140343320,11.26,-10.87,12.32
140347184,11.26,-10.71,12.71
140351052,11.57,-10.87,12.36
140354904,11.38,-11.02,12.36
140358760,11.3,-11.1,12.43
140362608,11.45,-11.02,12.75
140366460,11.69,-10.87,12.43
140370312,11.18,-10.79,12.4
140374172,11.26,-10.94,12.32
140378044,11.38,-11.18,12.67
140381900,11.53,-11.02,12.47
140385760,11.3,-11.3,12.59
140389604,11.34,-11.26,12.51
140393464,11.34,-11.49,12.55
140397320,11.26,-11.73,12.51
140401184,11.1,-11.57,12.43
140405044,11.18,-11.57,12.47
140408892,11.14,-11.22,12.16
140412760,11.1,-11.02,12.43
140416612,11.41,-10.79,12.55
140420480,11.69,-10.63,12.63
140424336,11.34,-10.32,12.75
140428204,11.38,-10.43,13.02
140432064,11.53,-10.63,12.98
140435912,11.41,-10.55,12.91
140439768,11.45,-10.94,13.22
140443620,11.57,-11.49,12.75
140447476,11.41,-11.57,12.67
140451328,11.65,-11.49,13.1
140455184,11.69,-10.98,12.71
140459048,11.77,-10.83,13.53
140462904,12.04,-10.47,12.91
140466764,11.89,-10.16,12.94
140470616,11.65,-10.59,12.94
140474464,11.45,-10.83,13.34
140478316,11.38,-11.45,12.79
140482176,11.57,-11.73,12.75
140486036,11.53,-11.57,13.14
140489896,11.53,-11.65,13.06
140493756,11.34,-11.41,13.02
140497616,11.26,-11.38,13.1
140501464,11.34,-11.38,13.38
140505320,11.38,-11.89,13.49
140509180,11.45,-11.96,14.04
140513040,11.1,-11.92,14.28
140516884,11.1,-11.81,14.36
140520744,11.14,-11.77,13.85
140524600,11.34,-11.73,13.96
140528452,11.45,-19.42,-4.55
140532260,3.45,-26.75,1.45
140535996,109.4,-113.29,-154.36
140540048,94.65,133.06,104.34
140544012,-45.66,40.64,-112.38
140547932,121.92,-90.18,-20.12
140551860,55.86,120.78,158.55
140555816,-16.36,-145.81,141.41
140559816,-78.65,-40.76,22.95
140563684,-59.27,-107.4,99.2
140567608,-22.56,-31.07,95.16
140571472,-1.18,-75.35,32.36
140575284,125.33,-80.1,72.88
140579192,-37.27,-80.06,139.18
140583124,52.49,43.93,97.79
140586964,119.41,11.14,-2.35
140590824,151.45,-85.32,-130.55
140594816,13.18,-117.68,128.07
140598788,-36.09,-34.05,22.24
140602644,20.75,10.4,21.46
140606476,5.18,19.26,7.69
140610180,3.69,26.36,9.06
140613888,14.08,25.14,4.16
140617660,20.04,24.87,6.39
140621432,-48.84,153.1,133.68
140625408,-26.83,88.06,-0.55
140629196,12.87,1.92,7.14
140632904,-1.26,6.63,0.31
140636580,0.27,-9.89,-4.98
140640280,0.47,8.47,-2.55
140643932,-0.27,7.1,-3.69
140647612,5.18,-45.03,-5.3
140651344,-6.43,-8.79,-20.67
140655104,2.39,-25.38,-1.1
140658860,1.8,-24.79,-0.2
140662592,7.65,-23.54,-0.75
140666348,5.73,-21.69,1.53
140670088,5.37,-20.24,2.9
140673820,8.83,26.16,-17.53
140677620,5.81,-17.73,9.81
140681376,6.55,-18.12,11.26
140685176,10.43,-17.1,10.71
140689024,8.9,-16.55,10.59
140692824,9.57,-17.22,11.06
140696632,10.32,-16.99,12.08
140700492,11.22,-16.36,12.47
140704356,12.08,-15.81,13.65
140708212,13.18,-17.02,16.2
140712060,14.47,-15.34,17.85
140715916,15.53,-16.75,20.12
140719772,16.75,-14.32,21.89
140723628,16.67,-13.1,22.71
140727472,16.95,-9.85,23.34
140731272,16.95,-13.81,20.36
140735136,24.36,2.08,48.8
140738896,5.65,-15.46,39.5
140742692,13.18,-9.73,70.49
140746484,20.08,-4.63,21.77
140750272,17.42,-4.04,23.07
140754056,17.89,-6.35,22.32
140757848,17.69,-6.79,21.38
140761636,17.61,-9.14,21.22
140765432,17.22,-10,19.34
140769276,16.55,-10.04,17.3
140773124,16.16,-11.41,16.83
140776988,15.65,-11.3,15.49
140780844,15.02,-10.87,14.59
140784696,14.55,-11.92,13.69
140788548,14.16,-12.36,13.02
140792412,13.3,-12.71,12.91
140796276,12.83,-14.63,15.53
140800144,10.75,-12.98,17.97
140803992,5.22,-5.18,14.24
140807732,3.8,20.95,7.22
140811448,14.28,-37.7,1.73
140815240,4.47,-18.55,12.47
140819036,12.43,-15.42,11.22
140822904,10.75,-15.06,10.4
140826744,10.63,-13.61,9.38
140830540,10.75,-13.61,10.83
140834400,21.26,-18.75,13.49
140838256,14.71,-9.45,2.47
140842000,11.69,-13.26,10.79
140845844,12.67,-7.57,7.81
140849580,12,-8.79,8.9
140853296,12.36,-8.51,8.59
140857032,11.77,-9.3,9.06
140860748,12.75,-8.63,10
140864540,12.91,-9.26,10.87
140868332,13.42,-8.83,11.61
140872128,13.61,-9.26,12.2
140875920,13.61,-9.41,12.87
140879724,14,-9.73,13.57
140883508,14.28,-9.26,13.42
140887300,14.2,-10,14
140891132,13.77,-10.08,13.69
140894992,14.2,-10.71,14.2
140898836,13.93,-10.67,13.77
140902692,13.89,-10.12,14.28
140906548,14.16,-12.36,14.32
140910408,13.38,-11.26,13.38
140914264,13.14,-11.14,14.91
140918128,13.18,-10.63,13.77
140921988,12.51,-11.61,14.47
140925844,12.51,-11.65,14.12
140929696,12.43,-10.79,13.89
140933552,12.63,-10.51,14.04
140937408,12.71,-11.38,14.36
140941264,12.59,-11.57,13.34
140945120,12.47,-11.1,13.18
140948984,12.2,-11.02,12.12
140952828,12.12,-11.57,11.3
140956684,12.16,-12.32,11.14
140960540,12.04,-12.51,10.94
140964384,12.08,-12.2,10.59
140968236,11.53,-11.53,10.9
140972084,11.77,-11.41,10.94
140975940,11.85,-10.75,11.02
140979804,11.96,-10.94,11.65
140983660,12.47,-10.51,11.53
140987516,12.24,-10.47,11.96
140991372,12.12,-10.24,12.12
140995232,12.12,-9.69,11.65
140999028,12.55,-9.77,12.16
141002832,12.4,-10.2,12.24
141006676,12.4,-10.36,12.12
141010532,12.32,-11.3,12.28
141014392,12.55,-11.38,12.08
141018244,12.24,-10.9,12.28
141022088,12.4,-10.94,12.2
141025940,12.32,-11.06,12.28
141029792,12.36,-11.02,12.43
141033644,12.43,-11.45,12.83
141037500,12.28,-11.41,12.75
141041360,12.16,-11.77,13.1
141045216,11.96,-11.45,12.98
141049064,12.04,-11.73,13.02
141052908,12.32,-11.38,12.91
141056768,12.28,-11.85,12.87
141060620,12.32,-10.71,13.02
141064472,12.75,-10.9,12.2
141068320,12.28,-10.67,12.32
141072172,12.28,-10.75,12.36
141076040,12.2,-10.63,12.63
141079884,12.2,-10.28,12.79
141083736,12.24,-10.43,12.75
141087588,12.24,-10.2,12.94
141091440,12.28,-10.47,13.14
141095296,12.28,-10.51,13.22
141099156,12.36,-10.43,13.73
141103028,12.24,-10.24,13.69
141106880,12.43,-10.51,13.77
141110736,12.24,-10.98,13.77
141114588,12.4,-11.22,13.69
141118432,12.12,-11.34,13.73
141122296,12.28,-11.45,13.77
141126156,12.16,-11.34,14.44
141130020,12.43,-11.22,13.53
141133876,12.08,-11.81,13.18
141137732,12.2,-11.81,12.94
141141584,12.08,-12,13.61
141145420,12.24,-11.22,12.91
141149276,12.04,-11.22,12.91
141153140,11.85,-10.55,12.91
141157000,11.77,-10.4,13.49
141160848,11.57,-10.63,12.55
141164708,11.73,-10.63,12.47
141168572,11.77,-10.79,12.43
141172428,11.61,-10.87,12.71
141176280,11.53,-11.3,12.71
141180144,11.65,-11.57,12.91
141184012,11.57,-11.69,12.63
141187860,11.61,-11.69,12.91
141191724,11.73,-11.49,12.63
141195576,11.41,-11.65,12.75
141199424,11.45,-11.69,12.71
141203276,11.73,-11.14,12.71
141207144,11.92,-11.06,12.59
141211000,11.85,-10.63,12.59
141214856,12,-10.71,12.98
141218700,11.92,-10.75,13.06
141222556,11.85,-10.59,12.87
141226412,11.85,-10.36,13.38
141230272,12.24,-10.55,13.42
141234132,12.16,-10.75,13.38
141238000,12.08,-10.55,13.42
141241856,11.96,-11.06,13.69
141245708,11.96,-10.83,13.69
141249568,11.92,-11.02,13.93
141253416,11.96,-10.83,14.32
141257268,12.12,-10.9,13.14
141261128,11.92,-10.67,13.06
141264980,11.69,-10.67,13.3
141268832,11.77,-10.47,12.83
141272688,11.41,-10.83,12.67
141276548,11.85,-10.79,12.98
141280412,11.81,-10.75,12.83
141284272,11.92,-10.59,13.53
141288136,12.36,-10.67,13.42
141292000,12.04,-10.51,13.61
141295848,11.85,-10.24,13.73
141299708,11.92,-10.43,14.12
141303572,11.73,-10.63,13.69
141307424,11.81,-10.67,13.57
141311276,11.92,-10.67,13.69
141315136,11.89,-10.94,13.49
141318992,12.12,-10.87,12.91
141322856,11.61,-10.79,12.67
141326720,11.49,-10.83,12.59
141330572,11.57,-11.1,12.67
141334420,11.45,-11.02,11.69
141338260,11.3,-10.94,11.61
141342112,11.26,-10.9,11.61
141345976,11.22,-10.63,11.38
141349828,10.98,-10.75,11.77
141353684,11.02,-10.63,11.89
141357548,11.14,-10.71,11.92
141361404,11.02,-10.67,11.89
141365256,11.22,-10.71,11.92
141369124,10.94,-10.87,11.89
141372984,11.06,-10.51,12
141376824,11.02,-11.06,12.08
141380664,11.06,-11.3,12.47
141384508,11.22,-11.45,11.96
141388372,11.3,-11.49,12.04
141392224,11.34,-11.81,12.08
141396072,11.61,-12.08,12.28
141399924,11.1,-11.77,12.51
141403780,11.49,-11.73,12.4
141407624,11.34,-11.57,12.51
141411484,11.45,-11.34,13.02
141415344,11.14,-11.45,12.32
141419208,11.65,-11.49,12.12
141423056,11.45,-11.06,12.47
141426904,11.38,-10.47,12.28
141430760,11.3,-10.63,12.16
141434616,11.49,-10.04,12.28
141438460,11.45,-9.89,12.32
141442252,11.61,-9.73,12.47
141446052,11.18,-9.92,12.16
141449856,11.26,-10.08,12.28
141453712,11.34,-10.4,12.32
141457568,11.3,-10.94,12.59
141461424,10.98,-11.45,11.92
141465272,11.18,-11.26,11.81
141469144,11.1,-11.57,11.73
141473000,11.1,-11.65,12.08
141476840,11.1,-11.57,11.69
141480704,11.34,-11.38,11.73
141484560,11.1,-11.41,12.12
141488412,11.3,-11.41,12.4
141492264,11.34,-11.3,12.47
141496124,11.18,-11.26,12.67
141499992,11.34,-11.45,12.79
141503852,11.38,-11.18,12.91
141507724,11.41,-11.34,12.63
141511580,11.41,-11.77,12.59
141515432,11.45,-11.26,12.55
141519284,11.41,-11.22,12.51
141523140,11.38,-11.14,13.02
141526996,11.34,-10.87,12.47
141530860,11.41,-10.79,12.24
141534724,11.49,-11.02,12.2
141538564,11.22,-10.71,12.04
141542416,11.26,-10.36,12
141546256,11.18,-10.59,12.08
141550116,11.1,-10.67,11.85
141553972,11.18,-10.67,11.73
141557828,11.18,-10.67,11.65
141561684,11.18,-10.94,12.32
141565552,11.14,-10.75,12.04
141569400,11.22,-10.36,12.28
141573256,11.3,-10.51,12.28
141577116,11.26,-10.28,12.24
141580980,11.26,-10.24,12.2
141584824,11.34,-10.87,12.16
141588684,11.14,-10.79,12.4
141592540,10.98,-11.18,12.32
141596396,11.1,-11.57,12.51
141600252,11.26,-11.34,12.51
141604116,11.3,-11.57,12.2
141607972,11.22,-11.61,12.55
141611828,11.34,-12.12,12.59
141615696,11.22,-12.12,13.06
141619556,11.14,-11.77,12.91
141623408,10.87,-11.69,13.06
141627256,11.06,-11.3,13.06
141631096,11.26,-11.45,13.18
141634960,11.26,-11.14,13.14
141638816,10.75,-11.18,12.94
141642676,10.98,-10.94,13.14
141646536,10.59,-11.73,13.18
141650396,10.75,-11.38,13.26
141654244,10.63,-11.41,13.18
141658100,10.87,-11.14,13.42
141661968,10.71,-10.79,13.73
141665816,10.47,-10.32,13.69
141669664,10.47,-9.96,13.96
141673452,10.9,-9.77,14.04
141677232,10.94,-9.34,13.69
141681020,10.94,-9.22,13.77
141684808,11.02,-9.38,14.04
141688584,11.1,-9.69,14.12
141692376,11.02,-9.81,13.89
141696168,11.02,-10,13.65
141700020,10.94,-10.9,14.44
141703872,10.98,-11.57,14.28
141707716,10.94,-11.92,14.51
141711568,10.71,-12.2,15.22
141715420,10.83,-12.55,14.87
141719276,10.63,-12.04,14.51
141723136,10.75,-12.28,14.59
141726992,10.75,-11.92,14.67
141730848,10.63,-11.69,14.47
141734708,10.43,-11.77,14.51
141738568,10.47,-11.92,14.08
141742408,10.28,-12.4,14.36
141746256,10.32,-12.51,14.51
141750120,10.28,-12.2,14.79
141753980,10.28,-12.16,14.28
141757828,10.04,-11.96,14.59
141761680,10.43,-11.49,14.44
141765544,10.4,-11.06,14.51
141769392,10.28,-10.9,14.32
141773240,10.51,-11.26,14.63
141777096,10.59,-10.67,14.67
141780952,10.71,-10.32,14.36
141784812,10.83,-10.9,14.75
141788676,11.14,-10.83,14.2
141792532,11.34,-11.14,14.08
141796388,11.41,-11.3,14.08
141800228,11.45,-11.18,14.28
141804088,11.3,-10.98,14.12
141807936,11.34,-11.38,14.2
141811796,11.45,-11.73,14.08
141815640,11.53,-11.81,13.85
141819496,11.65,-12.24,14.04
141823348,11.89,-12.59,13.69
141827216,12.24,-12.63,13.42
141831080,11.77,-12.98,13.3
141834932,11.85,-13.14,12.87
141838788,11.45,-13.85,12.67
141842640,11.49,-14.36,12.91
141846492,11.41,-14.4,13.49
141850348,11.14,-14.04,13.22
141854212,10.94,-13.85,14.04
141858056,10.94,-13.49,13.96
141861912,10.87,-12.87,14.44
141865776,10.94,-12.67,13.93
141869636,10.9,-11.85,13.81
141873484,11.26,-11.61,13.81
141877344,11.34,-10.98,14.04
141881200,11.49,-10.67,14.47
141885052,11.22,-10.32,13.85
141888916,11.41,-10.04,14.24
141892772,11.49,-10.36,13.96
141896636,11.49,-9.81,14.32
141900428,11.14,-9.96,13.49
141904224,11.26,-9.61,13.45
141908020,11.41,-9.92,13.45
141911812,11.61,-9.61,13.65
141915608,11.38,-9.49,13.3
141919400,11.61,-9.49,13.22
141923196,11.85,-9.41,13.06
141927000,12,-9.26,12.87
141930784,12.2,-8.79,13.1
141934568,12.04,-9.02,12.91
141938356,12.32,-9.06,12.94
141942140,12.4,-9.73,12.63
141945944,12.4,-10.36,12.83
141949800,12.28,-10.51,12.32
141953656,12.28,-11.18,12.43
141957520,12.32,-12.47,12.55
141961380,12.32,-12.79,12.87
141965240,12.2,-13.73,13.34
141969108,12,-14.98,12.79
141972960,11.92,-15.57,12.91
141976812,11.65,-15.81,12.83
141980668,11.57,-16.48,12.47
141984532,11.65,-16.51,12.79
141988384,11.69,-16.08,12.67
141992228,11.81,-15.81,11.81
141996092,11.73,-15.34,11.69
141999956,11.73,-15.02,11.61
142003812,11.53,-14.51,11.81
142007680,11.22,-13.85,11.85
142011540,11.18,-13.22,11.89
142015400,11.22,-12.83,11.96
142019252,11.45,-12.08,12.12
142023108,11.49,-11.02,12.08
142026956,11.69,-10.94,12.2
142030804,11.77,-10.24,12.2
142034648,11.69,-9.65,12.87
142038436,11.65,-9.41,12.28
142042228,12.2,-9.14,12.28
142046016,12.24,-9.3,12.24
142049804,12.2,-9.34,11.77
142053592,11.81,-9.45,11.81
142057392,12.08,-9.96,12
142061180,12,-10.2,12.28
142065024,11.89,-11.02,13.42
142068876,11.81,-11.92,12.43
142072736,11.57,-12,12.24
142076580,11.53,-12.24,12.24
142080436,11.49,-12.63,12.24
142084288,11.45,-12.79,12.51
142088140,11.41,-13.06,11.89
142092000,11.26,-13.1,11.73
142095856,11.53,-14.2,11.45
142099704,11.69,-14.95,11.26
142103564,11.85,-14.91,11.06
142107408,12,-15.34,10.55
142111248,11.85,-15.22,10.9
142115108,11.85,-15.06,11.34
142118968,11.77,-15.18,11.1
142122816,11.85,-15.02,11.41
142126676,11.49,-14.63,11.69
142130540,11.61,-14.04,12
142134376,11.49,-13.93,11.96
142138228,11.57,-13.3,12.32
142142080,11.41,-12.87,12.4
142145936,11.38,-12.4,12.67
142149792,11.45,-11.89,13.02
142153648,11.41,-11.53,13.06
142157496,11.57,-11.1,13.1
142161344,12,-10.87,12.94
142165192,11.92,-10.71,13.14
142169048,11.81,-10.43,13.1
142172908,12.04,-10.63,13.14
142176772,12.32,-10.67,13.02
142180624,12.4,-10.87,13.42
142184480,12.59,-10.4,13.42
142188336,12.63,-10.59,13.22
142192200,12.71,-10.94,13.42
142196064,12.75,-11.57,13.38
142199932,12.71,-12.28,13.96
142203788,12.83,-12.75,13.02
142207636,12.75,-13.26,12.91
142211504,12.59,-13.57,12.75
142215368,12.47,-13.77,13.14
142219220,12.24,-13.49,12.51
142223088,12.43,-13.73,12.47
142226952,12.36,-13.34,12.55
142230808,12.28,-13.73,12.55
142234676,12.59,-13.61,12.43
142238524,12.4,-13.42,12.43
142242380,12.43,-13.45,12.32
142246244,12.36,-13.22,12.79
142250104,12.94,-13.34,12.32
142253968,12.79,-13.26,12.51
142257820,12.51,-13.26,12.94
142261680,12.43,-13.3,12.75
142265532,12.47,-12.94,13.06
142269380,12.55,-12.91,13.3
142273236,12.36,-13.26,13.53
142277104,12.32,-12.67,13.45
142280964,12.43,-12.36,13.22
142284824,12.28,-12.32,12.94
142288684,12.36,-12.24,13.06
142292532,12.32,-12.12,12.94
142296384,12.4,-12.2,12.83
142300232,12.24,-12.59,12.75
142304092,12.28,-12.71,12.63
142307960,12.2,-13.06,12.36
142311808,12.08,-13.34,12.4
142315668,12.28,-13.38,12.28
142319528,12,-13.18,11.57
142323368,12.12,-13.34,11.41
142327228,12.04,-13.22,11.3
142331084,11.92,-13.38,11.3
142334940,12,-13.22,11.34
142338792,12.16,-14.28,11.69
142342660,12.43,-13.53,11.89
142346520,12.28,-13.18,11.61
142350376,12.43,-13.69,11.96
142354228,12.32,-13.53,12.08
142358088,12.24,-13.49,12.4
142361956,12.83,-12.91,12.51
142365820,12.55,-13.22,12.71
142369680,12.55,-13.34,12.55
142373532,12.83,-12.94,12.67
142377384,12.71,-12.71,13.18
142381244,12.51,-12.63,13.22
142385104,12.59,-13.1,13.3
142388960,12.71,-12.87,13.38
142392820,12.4,-12.79,13.61
142396676,12.67,-12.4,13.77
142400536,12.63,-12.59,13.73
142404392,12.43,-12.55,13.96
142408244,12.79,-12.71,13.57
142412096,12.47,-12.79,13.61
142415956,12.32,-12.63,13.85
142419808,12.36,-12.87,13.89
142423672,12.47,-12.94,13.57
142427524,12.16,-12.94,13.53
142431384,12.24,-13.22,13.49
142435248,12.2,-13.49,13.93
142439096,12.16,-13.45,13.45
142442952,11.92,-13.65,13.1
142446800,12.12,-13.26,13.1
142450660,12.28,-13.1,12.75
142454516,12.24,-13.65,12.67